PurchaseOrderLineId,PurchaseOrderId,LineNumber,Supplier,Product,ShipFromLocation,DeliverToLocation,OrderDate,ExpectedReceiptDate,ReceiptDate,OrderedQty,ReceivedQty,UnitPurchaseCost,Status,CancelReason,PlannedLeadTimeDays,ActualLeadTimeDays
1,200001,1,4,186,19,1,62,83,86.0,40,38,6.66,PartReceived,,21,24.0
2,200002,1,34,11,6,18,122,130,132.0,85,81,12.29,PartReceived,,8,10.0
3,200003,1,13,186,17,30,38,43,43.0,90,89,3.29,PartReceived,,5,5.0
4,200004,1,40,169,17,32,52,59,69.0,150,147,10.11,PartReceived,,7,17.0
5,200005,1,3,47,17,14,100,115,124.0,25,14,5.32,PartReceived,,15,24.0
6,200006,1,30,69,19,9,173,175,174.0,35,34,6.88,PartReceived,,2,1.0
7,200007,1,17,194,6,18,117,125,124.0,120,114,7.38,PartReceived,,8,7.0
8,200008,1,5,200,4,18,127,142,144.0,75,71,18.5,PartReceived,,15,17.0
9,200009,1,51,9,6,14,82,88,89.0,11,10,5.23,PartReceived,,6,7.0
10,200010,1,14,192,4,31,102,120,119.0,40,38,7.07,PartReceived,,18,17.0
11,200010,2,1,152,19,9,166,170,172.0,66,65,12.26,PartReceived,,4,6.0
12,200010,3,7,179,6,32,105,124,123.0,115,114,4.32,PartReceived,,19,18.0
13,200011,1,46,102,15,31,68,79,80.0,40,38,11.88,PartReceived,,11,12.0
14,200011,2,58,89,19,25,129,141,141.0,42,41,4.78,PartReceived,,12,12.0
15,200011,3,1,88,19,25,80,93,93.0,14,6,4.12,PartReceived,,13,13.0
16,200012,1,56,196,4,30,153,161,163.0,66,64,4.38,PartReceived,,8,10.0
17,200013,1,59,127,26,9,136,148,148.0,46,44,10.48,PartReceived,,12,12.0
18,200014,1,45,153,17,31,1,11,12.0,26,25,2.12,PartReceived,,10,11.0
19,200015,1,5,86,4,23,146,154,155.0,30,29,1.96,PartReceived,,8,9.0
20,200015,2,32,181,26,32,138,156,155.0,76,72,18.12,PartReceived,,18,17.0
21,200016,1,15,185,19,5,110,117,116.0,12,9,11.72,PartReceived,,7,6.0
22,200016,2,45,143,17,5,12,15,15.0,28,27,7.63,PartReceived,,3,3.0
23,200017,1,33,148,15,1,98,106,107.0,20,19,5.37,PartReceived,,8,9.0
24,200017,2,43,108,6,18,36,38,37.0,50,25,12.84,PartReceived,,2,1.0
25,200018,1,45,65,17,31,32,39,45.0,50,49,4.5,PartReceived,,7,13.0
26,200019,1,3,83,17,14,89,98,107.0,12,9,5.65,PartReceived,,9,18.0
27,200019,2,33,69,15,32,68,88,,45,0,5.82,Cancelled,SupplierIssue,20,
28,200020,1,15,19,19,18,151,170,170.0,32,31,14.66,PartReceived,,19,19.0
29,200020,2,5,86,4,32,64,72,74.0,26,25,2.1,PartReceived,,8,10.0
30,200021,1,1,157,19,25,73,94,99.0,32,30,3.71,PartReceived,,21,26.0
31,200022,1,14,190,4,14,10,20,19.0,11,10,2.02,PartReceived,,10,9.0
32,200023,1,46,26,15,5,114,128,130.0,120,61,8.03,PartReceived,,14,16.0
33,200023,2,13,186,17,5,142,147,158.0,70,68,3.32,PartReceived,,5,16.0
34,200023,3,46,26,15,30,146,160,166.0,124,118,7.74,PartReceived,,14,20.0
35,200023,4,4,186,19,31,74,95,99.0,30,29,6.57,PartReceived,,21,25.0
36,200023,5,24,74,26,5,161,169,168.0,90,88,11.51,PartReceived,,8,7.0
37,200023,6,19,176,6,5,73,82,82.0,110,107,3.86,PartReceived,,9,9.0
38,200024,1,11,23,6,1,26,43,44.0,25,24,3.06,PartReceived,,17,18.0
39,200024,2,59,33,26,23,137,158,166.0,102,71,8.67,PartReceived,,21,29.0
40,200024,3,43,108,6,9,141,143,143.0,65,50,12.74,PartReceived,,2,2.0
41,200024,4,56,74,4,5,134,148,147.0,22,21,7.18,PartReceived,,14,13.0
42,200025,1,27,85,17,14,106,112,113.0,30,20,11.35,PartReceived,,6,7.0
43,200025,2,34,31,6,25,144,159,158.0,46,45,5.73,PartReceived,,15,14.0
44,200025,3,4,77,19,18,82,89,97.0,70,66,5.79,PartReceived,,7,15.0
45,200026,1,27,34,17,23,124,134,134.0,41,39,9.65,PartReceived,,10,10.0
46,200026,2,31,19,15,9,103,123,123.0,11,10,3.99,PartReceived,,20,20.0
47,200026,3,33,36,15,30,119,140,140.0,72,71,6.14,PartReceived,,21,21.0
48,200027,1,13,124,17,31,90,104,106.0,35,24,5.9,PartReceived,,14,16.0
49,200028,1,45,89,17,31,112,130,130.0,50,49,3.9,PartReceived,,18,18.0
50,200028,2,5,86,4,25,101,109,110.0,22,20,2.01,PartReceived,,8,9.0
51,200029,1,27,60,17,31,85,98,97.0,24,23,5.66,PartReceived,,13,12.0
52,200030,1,8,57,15,1,64,85,86.0,42,41,11.71,PartReceived,,21,22.0
53,200030,2,22,105,15,32,168,170,172.0,60,58,5.97,PartReceived,,2,4.0
54,200031,1,44,122,15,23,72,92,103.0,56,32,6.34,PartReceived,,20,31.0
55,200031,2,50,119,26,14,172,178,180.0,35,34,13.56,PartReceived,,6,8.0
56,200031,3,36,31,6,30,4,22,22.0,40,38,5.45,PartReceived,,18,18.0
57,200031,4,55,59,4,18,173,176,177.0,70,68,3.82,PartReceived,,3,4.0
58,200032,1,8,87,15,25,13,34,33.0,70,68,9.66,PartReceived,,21,20.0
59,200032,2,51,62,6,23,28,35,34.0,44,43,5.06,PartReceived,,7,6.0
60,200032,3,35,198,15,9,21,33,39.0,20,11,4.7,PartReceived,,12,18.0
61,200033,1,36,123,6,18,147,168,167.0,80,77,7.56,PartReceived,,21,20.0
62,200034,1,40,119,17,1,5,13,13.0,64,63,7.86,PartReceived,,8,8.0
63,200035,1,54,151,4,32,67,87,89.0,66,53,6.5,PartReceived,,20,22.0
64,200035,2,52,151,19,5,172,180,179.0,14,8,8.96,PartReceived,,9,7.0
65,200036,1,4,186,19,23,66,87,88.0,60,59,6.49,PartReceived,,21,22.0
66,200036,2,58,68,19,14,81,97,99.0,30,14,6.46,PartReceived,,16,18.0
67,200037,1,28,13,19,25,86,103,102.0,22,21,9.21,PartReceived,,17,16.0
68,200038,1,28,84,19,18,87,93,95.0,14,13,6.21,PartReceived,,6,8.0
69,200039,1,48,47,17,5,179,180,180.0,102,64,8.13,PartReceived,,3,1.0
70,200039,2,6,198,6,5,101,106,114.0,40,38,4.32,PartReceived,,5,13.0
71,200040,1,18,171,15,32,39,49,57.0,52,51,8.3,PartReceived,,10,18.0
72,200041,1,55,19,4,14,105,108,107.0,14,10,12.73,PartReceived,,3,2.0
73,200042,1,22,28,15,25,56,74,73.0,70,38,6.05,PartReceived,,18,17.0
74,200043,1,31,102,15,23,111,126,125.0,46,44,8.93,PartReceived,,15,14.0
75,200043,2,41,85,26,31,57,63,62.0,40,38,10.81,PartReceived,,6,5.0
76,200043,3,44,8,15,9,102,116,118.0,14,13,5.02,PartReceived,,14,16.0
77,200044,1,25,95,17,18,67,85,85.0,65,64,3.94,PartReceived,,18,18.0
78,200045,1,46,101,15,1,150,159,161.0,14,13,6.08,PartReceived,,9,11.0
79,200046,1,38,157,15,9,124,137,136.0,63,44,4.94,PartReceived,,13,12.0
80,200046,2,51,110,6,18,146,164,168.0,43,42,4.78,PartReceived,,18,22.0
81,200047,1,38,92,15,1,164,180,180.0,18,11,6.66,PartReceived,,18,16.0
82,200047,2,8,189,15,14,127,143,142.0,60,58,3.93,PartReceived,,16,15.0
83,200047,3,21,198,19,25,114,127,127.0,22,16,9.28,PartReceived,,13,13.0
84,200048,1,25,115,17,14,94,104,105.0,23,22,4.5,PartReceived,,10,11.0
85,200049,1,13,125,17,32,103,105,106.0,28,27,18.97,PartReceived,,2,3.0
86,200050,1,45,200,17,25,26,43,53.0,72,71,7.14,PartReceived,,17,27.0
87,200051,1,55,146,4,23,64,85,84.0,26,25,8.89,PartReceived,,21,20.0
88,200052,1,37,120,19,18,16,23,22.0,56,53,6.03,PartReceived,,7,6.0
89,200053,1,16,156,6,18,100,117,118.0,20,14,8.92,PartReceived,,17,18.0
90,200053,2,31,147,15,5,3,13,12.0,64,62,17.97,PartReceived,,10,9.0
91,200053,3,38,92,15,25,144,162,164.0,14,13,6.57,PartReceived,,18,20.0
92,200054,1,46,98,15,14,63,67,66.0,60,28,14.42,PartReceived,,4,3.0
93,200054,2,14,112,4,31,70,73,75.0,45,44,5.51,PartReceived,,3,5.0
94,200055,1,1,152,19,18,37,41,41.0,65,64,11.93,PartReceived,,4,4.0
95,200055,2,32,32,26,1,75,89,88.0,90,89,6.43,PartReceived,,14,13.0
96,200056,1,30,23,19,30,167,180,180.0,40,38,6.42,PartReceived,,21,13.0
97,200057,1,58,16,19,14,57,59,63.0,60,58,4.88,PartReceived,,2,6.0
98,200058,1,18,157,15,32,31,52,53.0,52,50,12.5,PartReceived,,21,22.0
99,200059,1,11,108,6,14,33,35,41.0,30,29,8.19,PartReceived,,2,8.0
100,200060,1,36,123,6,25,166,180,180.0,70,67,7.52,PartReceived,,21,14.0
101,200060,2,16,162,6,14,74,82,84.0,44,42,7.97,PartReceived,,8,10.0
102,200061,1,4,114,19,18,107,110,110.0,105,71,6.85,PartReceived,,3,3.0
103,200062,1,54,43,4,32,67,72,71.0,40,38,18.54,PartReceived,,5,4.0
104,200063,1,40,6,17,32,65,78,79.0,115,112,5.59,PartReceived,,13,14.0
105,200064,1,29,32,26,14,58,73,72.0,40,39,13.0,PartReceived,,15,14.0
106,200065,1,52,95,19,14,43,51,51.0,15,14,3.17,PartReceived,,8,8.0
107,200065,2,15,51,19,5,125,145,145.0,24,23,5.65,PartReceived,,20,20.0
108,200065,3,54,43,4,5,154,159,158.0,40,39,18.5,PartReceived,,5,4.0
109,200065,4,1,83,19,9,172,176,176.0,64,62,13.11,PartReceived,,4,4.0
110,200065,5,41,74,26,31,42,60,61.0,41,36,3.35,PartReceived,,18,19.0
111,200065,6,6,44,6,23,175,180,180.0,64,44,14.1,PartReceived,,15,5.0
112,200065,7,31,126,15,14,46,54,53.0,34,33,8.58,PartReceived,,8,7.0
113,200065,8,43,116,6,30,132,140,142.0,14,13,5.87,PartReceived,,8,10.0
114,200066,1,11,181,6,25,171,180,180.0,61,59,5.75,PartReceived,,19,9.0
115,200067,1,56,27,4,32,150,156,160.0,72,69,3.85,PartReceived,,6,10.0
116,200068,1,45,143,17,30,140,143,145.0,22,21,7.61,PartReceived,,3,5.0
117,200069,1,31,49,15,18,36,53,60.0,44,42,10.31,PartReceived,,17,24.0
118,200070,1,31,171,15,25,18,24,26.0,104,101,6.32,PartReceived,,6,8.0
119,200071,1,19,176,6,5,118,127,129.0,104,100,3.92,PartReceived,,9,11.0
120,200072,1,57,141,6,30,98,117,118.0,90,87,14.11,PartReceived,,19,20.0
121,200072,2,50,90,26,32,33,44,52.0,52,50,8.53,PartReceived,,11,19.0
122,200073,1,33,109,15,5,157,159,158.0,20,19,7.73,PartReceived,,2,1.0
123,200074,1,33,109,15,25,174,176,176.0,40,39,7.92,PartReceived,,2,2.0
124,200075,1,3,191,17,32,41,56,58.0,60,58,23.93,PartReceived,,15,17.0
125,200075,2,31,173,15,31,17,24,24.0,116,112,10.49,PartReceived,,7,7.0
126,200075,3,46,149,15,1,110,114,116.0,110,106,8.75,PartReceived,,4,6.0
127,200076,1,33,158,15,18,68,79,79.0,72,71,8.99,PartReceived,,11,11.0
128,200076,2,55,20,4,14,19,29,35.0,85,54,8.31,PartReceived,,10,16.0
129,200077,1,24,29,26,32,26,38,40.0,44,42,5.1,PartReceived,,12,14.0
130,200077,2,33,14,15,23,1,16,16.0,65,63,6.5,PartReceived,,15,15.0
131,200077,3,18,118,15,5,114,130,132.0,102,99,13.74,PartReceived,,16,18.0
132,200078,1,17,142,6,31,156,171,173.0,22,21,5.34,PartReceived,,15,17.0
133,200079,1,35,66,15,25,66,68,68.0,60,58,6.69,PartReceived,,2,2.0
134,200079,2,12,163,17,23,93,108,107.0,41,40,7.94,PartReceived,,15,14.0
135,200080,1,44,42,15,14,46,53,54.0,125,123,7.43,PartReceived,,7,8.0
136,200080,2,27,102,17,14,15,17,18.0,90,65,7.9,PartReceived,,2,3.0
137,200081,1,58,16,19,5,41,43,42.0,50,49,4.67,PartReceived,,2,1.0
138,200081,2,8,105,15,5,123,144,143.0,18,17,4.79,PartReceived,,21,20.0
139,200082,1,31,191,15,1,153,171,177.0,90,85,5.1,PartReceived,,18,24.0
140,200082,2,19,135,6,30,71,82,91.0,22,21,8.17,PartReceived,,11,20.0
141,200083,1,19,96,6,25,171,174,176.0,108,106,27.62,PartReceived,,3,5.0
142,200083,2,52,95,19,5,66,74,73.0,11,10,3.25,PartReceived,,8,7.0
143,200083,3,18,77,15,18,112,114,,25,0,4.05,Cancelled,DemandDrop,2,
144,200084,1,40,145,17,18,51,72,72.0,25,24,7.96,PartReceived,,21,21.0
145,200084,2,30,100,19,1,65,70,79.0,18,11,3.91,PartReceived,,5,14.0
146,200085,1,42,70,6,30,161,165,164.0,14,11,4.23,PartReceived,,4,3.0
147,200086,1,37,71,19,30,180,180,180.0,16,15,5.06,PartReceived,,13,0.0
148,200087,1,22,81,15,32,108,118,118.0,28,26,12.43,PartReceived,,10,10.0
149,200087,2,10,68,17,5,80,93,93.0,12,11,15.11,PartReceived,,13,13.0
150,200087,3,36,151,6,25,160,172,173.0,64,63,8.24,PartReceived,,12,13.0
151,200088,1,10,19,17,5,37,45,45.0,32,30,9.02,PartReceived,,8,8.0
152,200089,1,39,96,4,9,135,141,141.0,103,90,21.51,PartReceived,,6,6.0
153,200089,2,30,69,19,18,33,35,35.0,35,30,6.69,PartReceived,,2,2.0
154,200089,3,55,20,4,5,83,93,92.0,65,62,8.45,PartReceived,,10,9.0
155,200089,4,29,46,26,1,60,69,70.0,72,70,11.25,PartReceived,,9,10.0
156,200089,5,5,200,4,14,12,27,28.0,90,87,18.38,PartReceived,,15,16.0
157,200090,1,41,85,26,30,131,137,,40,0,11.19,Cancelled,DataError,6,
158,200090,2,49,169,4,18,116,131,137.0,70,66,10.07,PartReceived,,15,21.0
159,200090,3,26,135,15,23,149,154,155.0,110,108,4.69,PartReceived,,5,6.0
160,200090,4,19,133,6,30,102,114,115.0,63,60,9.01,PartReceived,,12,13.0
161,200090,5,43,31,6,1,177,180,180.0,68,65,9.99,PartReceived,,8,3.0
162,200091,1,35,51,15,25,160,173,174.0,70,68,8.87,PartReceived,,13,14.0
163,200091,2,57,141,6,9,161,180,180.0,65,62,13.79,PartReceived,,19,19.0
164,200092,1,14,199,4,23,119,128,130.0,65,43,12.39,PartReceived,,9,11.0
165,200093,1,40,188,17,32,75,88,89.0,80,78,8.31,PartReceived,,13,14.0
166,200094,1,8,105,15,23,27,48,47.0,12,11,4.52,PartReceived,,21,20.0
167,200095,1,33,148,15,1,12,20,20.0,25,24,5.32,PartReceived,,8,8.0
168,200096,1,3,191,17,9,27,42,44.0,70,69,23.1,PartReceived,,15,17.0
169,200097,1,59,127,26,31,103,115,115.0,44,42,10.82,PartReceived,,12,12.0
170,200098,1,56,31,4,31,169,180,180.0,24,17,14.74,PartReceived,,13,11.0
171,200098,2,39,94,4,31,44,54,54.0,30,29,7.79,PartReceived,,10,10.0
172,200099,1,48,51,17,32,10,17,24.0,22,21,3.31,PartReceived,,7,14.0
173,200099,2,57,141,6,18,136,155,156.0,80,79,13.63,PartReceived,,19,20.0
174,200099,3,56,49,4,18,169,180,180.0,35,33,8.76,PartReceived,,15,11.0
175,200100,1,52,172,19,1,174,178,178.0,45,43,9.34,PartReceived,,4,4.0
176,200100,2,31,92,15,25,11,28,29.0,105,101,7.63,PartReceived,,17,18.0
177,200101,1,20,164,6,9,143,160,162.0,55,53,4.88,PartReceived,,17,19.0
178,200102,1,49,200,4,32,81,84,84.0,80,76,5.75,PartReceived,,3,3.0
179,200102,2,18,157,15,30,148,169,168.0,44,43,12.6,PartReceived,,21,20.0
180,200103,1,39,96,4,31,128,134,136.0,102,100,22.23,PartReceived,,6,8.0
181,200103,2,56,49,4,5,132,147,147.0,25,24,8.55,PartReceived,,15,15.0
182,200103,3,4,186,19,1,68,89,88.0,50,48,6.68,PartReceived,,21,20.0
183,200103,4,3,170,17,18,102,116,115.0,25,24,6.88,PartReceived,,14,13.0
184,200104,1,31,199,15,30,144,156,157.0,46,44,10.13,PartReceived,,12,13.0
185,200104,2,32,181,26,9,167,180,180.0,68,66,18.76,PartReceived,,18,13.0
186,200105,1,24,11,26,32,161,169,170.0,66,64,20.25,PartReceived,,8,9.0
187,200106,1,30,23,19,1,114,135,134.0,36,34,6.34,PartReceived,,21,20.0
188,200107,1,53,71,19,23,110,114,113.0,60,57,5.83,PartReceived,,4,3.0
189,200108,1,15,185,19,18,45,52,54.0,22,20,11.22,PartReceived,,7,9.0
190,200109,1,38,167,15,30,139,151,151.0,22,21,7.49,PartReceived,,12,12.0
191,200109,2,53,117,19,23,158,176,177.0,63,62,9.56,PartReceived,,18,19.0
192,200110,1,36,193,6,32,153,163,,30,0,2.64,Cancelled,DemandDrop,10,
193,200110,2,28,40,19,14,109,120,125.0,112,111,5.88,PartReceived,,11,16.0
194,200111,1,29,125,26,32,59,80,82.0,72,68,10.54,PartReceived,,21,23.0
195,200112,1,35,51,15,1,153,166,168.0,50,48,8.91,PartReceived,,13,15.0
196,200112,2,9,199,6,9,129,133,135.0,105,104,6.49,PartReceived,,4,6.0
197,200112,3,17,80,6,18,142,144,153.0,48,46,4.68,PartReceived,,2,11.0
198,200113,1,16,50,6,31,41,60,62.0,44,41,4.25,PartReceived,,19,21.0
199,200114,1,20,43,6,30,92,107,,35,0,13.08,Cancelled,SupplierIssue,15,
200,200115,1,59,42,26,18,134,141,142.0,62,61,4.34,PartReceived,,7,8.0
201,200116,1,33,109,15,25,42,44,,70,0,7.84,Cancelled,DemandDrop,2,
202,200117,1,33,158,15,9,142,153,154.0,70,69,9.28,PartReceived,,11,12.0
203,200117,2,9,63,6,30,23,38,40.0,41,40,4.96,PartReceived,,15,17.0
204,200118,1,8,189,15,5,30,46,47.0,44,43,4.02,PartReceived,,16,17.0
205,200118,2,16,162,6,23,177,180,180.0,28,27,7.49,PartReceived,,8,3.0
206,200119,1,21,192,19,1,92,112,114.0,24,23,8.75,PartReceived,,20,22.0
207,200120,1,60,59,15,5,97,110,109.0,102,101,5.64,PartReceived,,13,12.0
208,200121,1,16,82,6,30,103,121,123.0,103,101,4.5,PartReceived,,18,20.0
209,200121,2,46,26,15,31,15,29,28.0,112,106,7.89,PartReceived,,14,13.0
210,200122,1,1,88,19,14,102,115,123.0,22,21,4.26,PartReceived,,13,21.0
211,200123,1,45,143,17,31,133,136,136.0,30,28,7.66,PartReceived,,3,3.0
212,200124,1,53,87,19,9,159,178,180.0,102,80,7.35,PartReceived,,19,21.0
213,200124,2,44,156,15,32,74,79,80.0,18,17,3.87,PartReceived,,5,6.0
214,200125,1,5,21,4,14,97,101,,34,0,7.45,Cancelled,SupplierIssue,4,
215,200126,1,42,70,6,32,136,140,141.0,22,21,3.93,PartReceived,,4,5.0
216,200126,2,54,43,4,18,171,176,175.0,40,38,18.22,PartReceived,,5,4.0
217,200126,3,28,101,19,30,95,105,104.0,14,7,6.89,PartReceived,,10,9.0
218,200126,4,18,24,15,5,19,32,32.0,22,16,10.37,PartReceived,,13,13.0
219,200126,5,35,183,15,1,24,27,29.0,26,25,10.21,PartReceived,,3,5.0
220,200126,6,48,51,17,14,128,135,134.0,21,20,3.22,PartReceived,,7,6.0
221,200126,7,32,181,26,23,17,35,43.0,68,66,18.37,PartReceived,,18,26.0
222,200126,8,56,74,4,14,178,180,179.0,26,24,7.01,PartReceived,,14,1.0
223,200126,9,53,117,19,14,36,54,53.0,63,53,9.97,PartReceived,,18,17.0
224,200127,1,6,198,6,14,30,35,34.0,50,49,4.27,PartReceived,,5,4.0
225,200127,2,48,51,17,18,165,172,180.0,21,20,3.37,PartReceived,,7,15.0
226,200128,1,1,140,19,30,83,94,93.0,30,17,4.37,PartReceived,,11,10.0
227,200128,2,48,197,17,32,74,76,75.0,40,39,5.88,PartReceived,,2,1.0
228,200129,1,51,62,6,1,146,153,153.0,64,61,5.31,PartReceived,,7,7.0
229,200130,1,38,157,15,9,42,55,54.0,64,61,4.63,PartReceived,,13,12.0
230,200131,1,14,161,4,9,60,79,80.0,105,100,8.5,PartReceived,,19,20.0
231,200132,1,49,71,4,18,108,126,126.0,105,104,9.86,PartReceived,,18,18.0
232,200132,2,1,83,19,25,147,151,153.0,64,61,12.44,PartReceived,,4,6.0
233,200132,3,55,104,4,31,2,11,14.0,46,45,8.93,PartReceived,,9,12.0
234,200133,1,31,135,15,5,25,42,42.0,50,48,8.28,PartReceived,,17,17.0
235,200134,1,35,24,15,23,96,104,106.0,120,119,7.07,PartReceived,,8,10.0
236,200134,2,56,74,4,14,62,76,78.0,22,21,6.69,PartReceived,,14,16.0
237,200135,1,21,117,19,25,108,116,116.0,26,24,5.37,PartReceived,,8,8.0
238,200136,1,48,47,17,25,117,120,121.0,104,99,8.07,PartReceived,,3,4.0
239,200136,2,55,19,4,32,36,39,38.0,18,10,12.39,PartReceived,,3,2.0
240,200137,1,27,159,17,5,82,87,88.0,104,102,13.23,PartReceived,,5,6.0
241,200138,1,15,101,19,18,68,82,83.0,46,33,7.28,PartReceived,,14,15.0
242,200139,1,57,175,6,30,43,51,50.0,110,107,6.01,PartReceived,,8,7.0
243,200140,1,16,162,6,30,172,180,,32,0,7.71,Cancelled,DataError,8,
244,200140,2,37,24,19,32,102,116,116.0,70,66,8.63,PartReceived,,14,14.0
245,200141,1,10,23,17,30,62,73,74.0,44,42,6.67,PartReceived,,11,12.0
246,200142,1,2,159,19,5,157,163,163.0,64,61,3.99,PartReceived,,6,6.0
247,200143,1,41,147,26,9,168,180,180.0,40,39,8.69,PartReceived,,19,12.0
248,200144,1,53,118,19,18,7,17,18.0,24,21,8.05,PartReceived,,10,11.0
249,200145,1,21,114,19,9,151,165,167.0,120,117,7.11,PartReceived,,14,16.0
250,200145,2,60,57,15,9,83,85,86.0,50,49,8.02,PartReceived,,2,3.0
251,200145,3,54,67,4,5,109,128,127.0,40,39,10.42,PartReceived,,19,18.0
252,200145,4,31,191,15,31,126,144,144.0,80,52,5.26,PartReceived,,18,18.0
253,200145,5,28,200,19,25,169,180,180.0,80,77,12.57,PartReceived,,16,11.0
254,200146,1,5,197,4,5,81,95,104.0,120,64,4.66,PartReceived,,14,23.0
255,200147,1,15,106,19,18,35,41,41.0,50,48,13.95,PartReceived,,6,6.0
256,200148,1,15,106,19,1,176,180,180.0,65,62,13.97,PartReceived,,6,4.0
257,200149,1,47,164,6,18,122,140,141.0,64,62,4.4,PartReceived,,18,19.0
258,200150,1,14,199,4,25,113,122,123.0,70,49,12.28,PartReceived,,9,10.0
259,200150,2,60,154,15,32,108,126,128.0,32,31,9.02,PartReceived,,18,20.0
260,200151,1,25,57,17,5,127,142,142.0,25,24,4.31,PartReceived,,15,15.0
261,200152,1,30,69,19,1,108,110,118.0,35,34,6.89,PartReceived,,2,10.0
262,200153,1,25,115,17,30,100,110,110.0,25,24,4.66,PartReceived,,10,10.0
263,200154,1,49,80,4,18,137,148,154.0,15,14,7.18,PartReceived,,11,17.0
264,200155,1,35,199,15,23,114,127,136.0,15,14,11.33,PartReceived,,13,22.0
265,200155,2,42,141,6,1,177,180,179.0,65,62,4.67,PartReceived,,8,2.0
266,200156,1,49,200,4,9,13,16,16.0,40,39,5.89,PartReceived,,3,3.0
267,200156,2,55,59,4,14,167,170,170.0,70,37,3.68,PartReceived,,3,3.0
268,200156,3,35,102,15,32,166,180,179.0,66,62,5.01,PartReceived,,14,13.0
269,200156,4,15,40,19,25,46,61,67.0,24,23,7.49,PartReceived,,15,21.0
270,200156,5,4,77,19,9,11,18,20.0,120,119,5.62,PartReceived,,7,9.0
271,200157,1,38,104,15,18,94,104,104.0,28,18,24.43,PartReceived,,10,10.0
272,200158,1,32,181,26,25,6,24,24.0,72,68,18.83,PartReceived,,18,18.0
273,200159,1,60,157,15,23,126,137,138.0,23,22,6.16,PartReceived,,11,12.0
274,200160,1,20,43,6,31,117,132,131.0,35,30,13.57,PartReceived,,15,14.0
275,200160,2,60,154,15,25,107,125,131.0,24,23,8.91,PartReceived,,18,24.0
276,200160,3,1,88,19,30,62,75,77.0,22,21,4.22,PartReceived,,13,15.0
277,200161,1,45,65,17,31,32,39,39.0,50,37,4.39,PartReceived,,7,7.0
278,200162,1,12,36,17,18,179,180,180.0,40,39,10.87,PartReceived,,12,1.0
279,200163,1,55,104,4,32,10,19,18.0,46,43,9.01,PartReceived,,9,8.0
280,200164,1,14,83,4,18,58,70,70.0,46,45,6.82,PartReceived,,12,12.0
281,200165,1,28,84,19,31,8,14,15.0,11,10,6.3,PartReceived,,6,7.0
282,200166,1,41,156,26,23,115,123,123.0,105,100,4.68,PartReceived,,8,8.0
283,200167,1,26,135,15,14,11,16,,125,0,4.83,Cancelled,SupplierIssue,5,
284,200168,1,34,112,6,23,7,9,11.0,40,23,4.95,PartReceived,,2,4.0
285,200169,1,34,41,6,5,99,105,107.0,150,142,8.14,PartReceived,,6,8.0
286,200170,1,58,32,19,18,31,37,36.0,30,28,7.9,PartReceived,,6,5.0
287,200171,1,36,193,6,25,30,40,39.0,22,16,2.62,PartReceived,,10,9.0
288,200171,2,14,104,4,31,163,176,177.0,23,22,4.72,PartReceived,,13,14.0
289,200171,3,22,81,15,25,176,180,180.0,28,26,12.97,PartReceived,,10,4.0
290,200171,4,29,141,26,18,71,85,84.0,15,14,10.67,PartReceived,,14,13.0
291,200171,5,30,133,19,14,132,145,154.0,65,63,4.84,PartReceived,,13,22.0
292,200172,1,23,114,4,32,81,93,94.0,66,58,3.8,PartReceived,,12,13.0
293,200173,1,40,119,17,14,146,154,153.0,60,57,8.32,PartReceived,,8,7.0
294,200173,2,9,178,6,31,75,94,94.0,50,49,7.4,PartReceived,,19,19.0
295,200174,1,10,129,17,18,108,119,118.0,104,102,8.71,PartReceived,,11,10.0
296,200175,1,5,200,4,1,112,127,128.0,90,88,18.44,PartReceived,,15,16.0
297,200176,1,41,147,26,32,17,36,38.0,25,24,8.2,PartReceived,,19,21.0
298,200177,1,58,155,19,18,63,75,75.0,62,59,4.19,PartReceived,,12,12.0
299,200178,1,35,121,15,32,85,100,102.0,13,12,4.68,PartReceived,,15,17.0
300,200179,1,15,2,19,23,100,107,115.0,112,108,4.72,PartReceived,,7,15.0
301,200180,1,3,100,17,9,156,165,165.0,70,68,6.8,PartReceived,,9,9.0
302,200181,1,31,113,15,30,84,90,92.0,40,20,11.14,PartReceived,,6,8.0
303,200182,1,37,120,19,31,84,91,95.0,52,50,5.76,PartReceived,,7,11.0
304,200182,2,25,128,17,32,25,42,42.0,28,27,9.62,PartReceived,,17,17.0
305,200182,3,53,71,19,31,73,77,76.0,80,54,5.93,PartReceived,,4,3.0
306,200183,1,54,27,4,30,132,136,137.0,62,51,4.9,PartReceived,,4,5.0
307,200183,2,55,19,4,9,178,180,180.0,30,29,12.59,PartReceived,,3,2.0
308,200183,3,14,155,4,14,37,49,51.0,22,21,14.53,PartReceived,,12,14.0
309,200184,1,4,114,19,9,37,40,40.0,105,103,7.2,PartReceived,,3,3.0
310,200185,1,31,126,15,25,169,177,177.0,18,14,8.47,PartReceived,,8,8.0
311,200186,1,36,3,6,9,15,18,19.0,15,8,11.82,PartReceived,,3,4.0
312,200186,2,39,29,4,23,41,45,44.0,32,20,10.37,PartReceived,,4,3.0
313,200187,1,12,131,17,18,5,15,15.0,35,34,6.45,PartReceived,,10,10.0
314,200187,2,31,102,15,1,90,105,106.0,52,35,8.92,PartReceived,,15,16.0
315,200187,3,19,176,6,25,59,68,69.0,102,101,3.75,PartReceived,,9,10.0
316,200188,1,49,40,4,25,176,180,180.0,40,32,6.92,PartReceived,,11,4.0
317,200188,2,24,194,26,32,90,103,102.0,13,12,4.33,PartReceived,,13,12.0
318,200188,3,35,121,15,25,30,45,50.0,16,15,4.61,PartReceived,,15,20.0
319,200189,1,4,186,19,32,60,81,84.0,80,78,6.42,PartReceived,,21,24.0
320,200189,2,13,125,17,32,47,49,50.0,26,25,17.84,PartReceived,,2,3.0
321,200190,1,35,91,15,32,125,132,133.0,44,42,3.46,PartReceived,,7,8.0
322,200190,2,24,29,26,1,60,72,74.0,42,41,5.04,PartReceived,,12,14.0
323,200190,3,11,73,6,18,99,106,105.0,70,66,4.51,PartReceived,,7,6.0
324,200190,4,59,33,26,1,155,176,176.0,102,97,8.62,PartReceived,,21,21.0
325,200191,1,40,169,17,23,93,100,101.0,160,154,10.01,PartReceived,,7,8.0
326,200192,1,46,149,15,14,14,18,17.0,110,106,8.54,PartReceived,,4,3.0
327,200192,2,42,144,6,18,146,167,167.0,66,62,8.64,PartReceived,,21,21.0
328,200193,1,7,1,6,23,48,63,63.0,41,40,14.65,PartReceived,,15,15.0
329,200193,2,43,182,6,9,136,142,143.0,72,68,3.53,PartReceived,,6,7.0
330,200193,3,45,64,17,25,167,180,180.0,35,25,8.65,PartReceived,,15,13.0
331,200194,1,29,121,26,14,135,139,141.0,52,50,12.62,PartReceived,,4,6.0
332,200194,2,2,166,19,5,44,54,59.0,34,33,5.96,PartReceived,,10,15.0
333,200195,1,41,132,26,23,162,179,180.0,25,23,5.25,PartReceived,,17,18.0
334,200196,1,55,20,4,31,37,47,47.0,70,69,8.68,PartReceived,,10,10.0
335,200197,1,58,19,19,5,36,41,40.0,20,13,6.14,PartReceived,,5,4.0
336,200197,2,36,135,6,31,103,118,119.0,52,41,7.22,PartReceived,,15,16.0
337,200198,1,11,136,6,23,134,144,143.0,70,69,4.26,PartReceived,,10,9.0
338,200199,1,45,153,17,9,125,135,137.0,32,31,2.15,PartReceived,,10,12.0
339,200199,2,12,163,17,9,168,180,180.0,44,31,7.83,PartReceived,,15,12.0
340,200200,1,30,95,19,30,14,29,31.0,102,101,19.73,PartReceived,,15,17.0
341,200200,2,20,184,6,31,161,166,167.0,26,25,4.66,PartReceived,,5,6.0
342,200200,3,39,3,4,18,149,164,163.0,40,38,9.44,PartReceived,,15,14.0
343,200200,4,1,140,19,23,151,162,161.0,22,21,4.56,PartReceived,,11,10.0
344,200200,5,46,101,15,14,59,68,72.0,18,17,6.21,PartReceived,,9,13.0
345,200201,1,54,119,4,14,27,39,38.0,64,43,6.5,PartReceived,,12,11.0
346,200201,2,34,112,6,31,80,82,84.0,25,23,4.93,PartReceived,,2,4.0
347,200202,1,52,108,19,1,110,131,130.0,104,99,13.02,PartReceived,,21,20.0
348,200203,1,55,48,4,30,36,44,45.0,34,33,6.66,PartReceived,,8,9.0
349,200204,1,38,92,15,9,161,179,178.0,14,13,6.66,PartReceived,,18,17.0
350,200205,1,20,199,6,31,138,145,147.0,140,135,8.94,PartReceived,,7,9.0
351,200206,1,34,11,6,14,77,85,85.0,75,71,11.65,PartReceived,,8,8.0
352,200206,2,31,173,15,32,119,126,125.0,120,114,10.27,PartReceived,,7,6.0
353,200207,1,14,192,4,30,147,165,164.0,40,39,7.64,PartReceived,,18,17.0
354,200207,2,6,40,6,23,6,27,26.0,90,85,3.77,PartReceived,,21,20.0
355,200208,1,17,194,6,1,3,11,13.0,140,104,7.19,PartReceived,,8,10.0
356,200209,1,12,90,17,1,49,65,64.0,60,57,10.22,PartReceived,,16,15.0
357,200209,2,43,144,6,25,94,106,107.0,42,32,10.19,PartReceived,,12,13.0
358,200209,3,16,50,6,1,17,36,35.0,40,39,4.25,PartReceived,,19,18.0
359,200210,1,59,51,26,5,48,64,64.0,65,53,8.1,PartReceived,,16,16.0
360,200210,2,32,102,26,23,120,141,140.0,108,104,12.27,PartReceived,,21,20.0
361,200211,1,19,133,6,9,91,103,105.0,66,54,8.87,PartReceived,,12,14.0
362,200212,1,55,10,4,31,99,101,106.0,64,41,5.71,PartReceived,,2,7.0
363,200213,1,52,77,19,5,90,111,110.0,70,68,8.46,PartReceived,,21,20.0
364,200213,2,9,178,6,9,26,45,44.0,25,23,7.59,PartReceived,,19,18.0
365,200214,1,9,15,6,23,71,91,94.0,32,30,4.98,PartReceived,,20,23.0
366,200214,2,29,173,26,31,133,148,148.0,22,20,7.52,PartReceived,,15,15.0
367,200215,1,9,178,6,31,142,161,161.0,50,47,7.5,PartReceived,,19,19.0
368,200216,1,43,144,6,9,156,168,170.0,42,41,10.44,PartReceived,,12,14.0
369,200217,1,46,152,15,25,149,159,161.0,40,39,8.83,PartReceived,,10,12.0
370,200218,1,11,23,6,31,29,46,46.0,25,22,2.92,PartReceived,,17,17.0
371,200219,1,26,135,15,18,70,75,77.0,125,121,4.55,PartReceived,,5,7.0
372,200219,2,10,165,17,5,44,51,50.0,70,68,7.32,PartReceived,,7,6.0
373,200219,3,44,137,15,18,17,35,34.0,36,35,3.62,PartReceived,,18,17.0
374,200219,4,31,171,15,18,120,126,128.0,110,105,6.3,PartReceived,,6,8.0
375,200219,5,30,28,19,14,63,66,67.0,70,67,8.72,PartReceived,,3,4.0
376,200220,1,7,138,6,31,1,15,15.0,105,103,4.87,PartReceived,,14,14.0
377,200221,1,46,102,15,1,165,176,176.0,60,58,12.1,PartReceived,,11,11.0
378,200222,1,28,13,19,32,5,22,22.0,25,24,9.24,PartReceived,,17,17.0
379,200223,1,49,172,4,32,121,140,142.0,44,41,9.16,PartReceived,,19,21.0
380,200223,2,52,45,19,1,12,20,21.0,70,67,4.9,PartReceived,,8,9.0
381,200223,3,8,57,15,23,100,121,121.0,42,41,11.68,PartReceived,,21,21.0
382,200223,4,8,57,15,9,87,108,107.0,46,39,11.27,PartReceived,,21,20.0
383,200224,1,10,80,17,23,86,100,100.0,45,43,3.8,PartReceived,,14,14.0
384,200224,2,14,112,4,30,87,90,89.0,44,41,5.41,PartReceived,,3,2.0
385,200225,1,40,188,17,18,148,161,160.0,90,85,8.37,PartReceived,,13,12.0
386,200226,1,53,48,19,5,101,111,112.0,12,11,5.96,PartReceived,,10,11.0
387,200226,2,22,28,15,30,7,25,27.0,70,68,6.43,PartReceived,,18,20.0
388,200227,1,3,170,17,23,158,172,172.0,23,22,7.21,PartReceived,,14,14.0
389,200227,2,29,46,26,32,36,45,47.0,62,34,11.38,PartReceived,,9,11.0
390,200228,1,1,88,19,5,88,101,102.0,18,17,4.0,PartReceived,,13,14.0
391,200228,2,56,49,4,32,74,89,90.0,50,49,8.49,PartReceived,,15,16.0
392,200229,1,31,135,15,1,95,112,114.0,50,48,8.38,PartReceived,,17,19.0
393,200230,1,35,21,15,23,52,58,60.0,112,109,4.42,PartReceived,,6,8.0
394,200230,2,43,7,6,14,46,54,53.0,22,21,6.28,PartReceived,,8,7.0
395,200231,1,35,183,15,30,55,58,62.0,18,17,10.11,PartReceived,,3,7.0
396,200232,1,35,66,15,9,153,155,157.0,40,39,6.5,PartReceived,,2,4.0
397,200232,2,42,180,6,23,158,174,,25,0,10.24,Cancelled,SupplierIssue,16,
398,200232,3,52,165,19,32,133,139,140.0,34,33,12.14,PartReceived,,6,7.0
399,200233,1,29,1,26,25,105,108,,52,0,6.27,Cancelled,SupplierIssue,3,
400,200233,2,44,42,15,5,87,94,95.0,125,123,7.33,PartReceived,,7,8.0
401,200234,1,5,34,4,18,75,86,87.0,55,54,5.92,PartReceived,,11,12.0
402,200234,2,45,200,17,1,12,29,29.0,64,60,6.83,PartReceived,,17,17.0
403,200235,1,26,135,15,5,45,50,51.0,130,129,4.65,PartReceived,,5,6.0
404,200236,1,29,1,26,14,159,162,163.0,48,46,6.29,PartReceived,,3,4.0
405,200237,1,45,63,17,14,54,71,71.0,35,33,9.45,PartReceived,,17,17.0
406,200238,1,59,42,26,1,4,11,10.0,66,63,4.64,PartReceived,,7,6.0
407,200239,1,50,90,26,14,21,32,32.0,56,54,8.81,PartReceived,,11,11.0
408,200240,1,14,199,4,14,123,132,133.0,65,63,12.12,PartReceived,,9,10.0
409,200241,1,27,132,17,9,97,115,117.0,90,87,7.2,PartReceived,,18,20.0
410,200241,2,36,151,6,23,96,108,107.0,44,21,8.54,PartReceived,,12,11.0
411,200241,3,25,16,17,1,55,69,69.0,108,105,2.69,PartReceived,,14,14.0
412,200241,4,3,170,17,5,80,94,94.0,22,21,7.39,PartReceived,,14,14.0
413,200241,5,60,157,15,25,168,179,180.0,26,24,6.04,PartReceived,,11,12.0
414,200241,6,11,181,6,9,157,176,176.0,65,64,5.72,PartReceived,,19,19.0
415,200242,1,27,34,17,9,107,117,118.0,42,41,9.75,PartReceived,,10,11.0
416,200243,1,1,57,19,31,56,73,73.0,30,29,10.23,PartReceived,,17,17.0
417,200243,2,10,38,17,5,152,159,,52,0,7.42,Cancelled,DemandDrop,7,
418,200243,3,52,54,19,5,132,137,139.0,48,46,7.72,PartReceived,,5,7.0
419,200243,4,41,74,26,30,55,73,73.0,46,45,3.45,PartReceived,,18,18.0
420,200243,5,35,51,15,25,177,180,180.0,70,43,9.55,PartReceived,,13,3.0
421,200243,6,46,102,15,9,89,100,101.0,80,78,12.23,PartReceived,,11,12.0
422,200243,7,2,194,19,5,14,28,28.0,22,21,9.75,PartReceived,,14,14.0
423,200243,8,58,155,19,18,65,77,77.0,70,40,3.96,PartReceived,,12,12.0
424,200243,9,40,130,17,25,160,180,180.0,14,13,10.55,PartReceived,,20,20.0
425,200243,10,14,150,4,30,97,117,,28,0,7.15,Cancelled,DemandDrop,20,
426,200243,11,43,39,6,31,60,72,73.0,26,25,3.8,PartReceived,,12,13.0
427,200243,12,29,67,26,25,139,151,152.0,30,25,14.1,PartReceived,,12,13.0
428,200244,1,37,176,19,25,179,180,179.0,50,47,11.0,PartReceived,,9,0.0
429,200245,1,52,151,19,23,153,162,164.0,12,11,8.76,PartReceived,,9,11.0
430,200246,1,27,90,17,14,65,82,82.0,70,69,8.41,PartReceived,,17,17.0
431,200247,1,38,104,15,23,58,68,68.0,28,27,24.83,PartReceived,,10,10.0
432,200248,1,30,23,19,31,45,66,,28,0,6.37,Cancelled,DemandDrop,21,
433,200249,1,24,61,26,14,97,110,109.0,48,45,19.42,PartReceived,,13,12.0
434,200249,2,42,144,6,1,41,62,62.0,66,64,8.37,PartReceived,,21,21.0
435,200250,1,18,58,15,1,130,151,152.0,68,66,5.94,PartReceived,,21,22.0
436,200251,1,3,193,17,30,74,78,79.0,44,22,12.21,PartReceived,,4,5.0
437,200252,1,17,97,6,31,27,38,38.0,52,50,6.3,PartReceived,,11,11.0
438,200253,1,6,187,6,30,135,153,153.0,40,38,7.34,PartReceived,,18,18.0
439,200253,2,34,136,6,30,162,176,178.0,24,23,9.56,PartReceived,,14,16.0
440,200254,1,43,7,6,14,99,107,108.0,25,24,6.51,PartReceived,,8,9.0
441,200254,2,14,161,4,18,160,179,180.0,101,99,8.51,PartReceived,,19,20.0
442,200255,1,33,168,15,30,95,97,96.0,36,35,12.04,PartReceived,,2,1.0
443,200255,2,24,33,26,23,120,134,134.0,35,33,8.48,PartReceived,,14,14.0
444,200255,3,30,95,19,1,161,176,180.0,101,99,19.92,PartReceived,,15,19.0
445,200256,1,25,128,17,25,36,53,52.0,30,29,9.92,PartReceived,,17,16.0
446,200257,1,6,52,6,23,21,35,34.0,40,27,13.54,PartReceived,,14,13.0
447,200258,1,13,86,17,30,127,133,135.0,106,104,9.93,PartReceived,,6,8.0
448,200258,2,39,3,4,5,114,129,129.0,45,28,9.11,PartReceived,,15,15.0
449,200259,1,14,56,4,31,55,62,61.0,42,41,11.77,PartReceived,,7,6.0
450,200259,2,39,94,4,9,2,12,11.0,60,59,7.95,PartReceived,,10,9.0
451,200259,3,36,13,6,30,48,55,54.0,40,39,5.11,PartReceived,,7,6.0
452,200260,1,41,74,26,23,112,130,129.0,46,44,3.45,PartReceived,,18,17.0
453,200260,2,50,90,26,1,113,124,126.0,44,24,8.27,PartReceived,,11,13.0
454,200261,1,8,189,15,32,60,76,77.0,60,59,4.17,PartReceived,,16,17.0
455,200262,1,57,141,6,14,52,71,72.0,70,69,14.1,PartReceived,,19,20.0
456,200262,2,16,88,6,14,128,143,143.0,44,42,14.67,PartReceived,,15,15.0
457,200263,1,43,116,6,31,173,180,179.0,14,13,5.86,PartReceived,,8,6.0
458,200264,1,30,69,19,31,58,60,61.0,35,17,6.63,PartReceived,,2,3.0
459,200264,2,12,114,17,5,14,29,30.0,41,35,5.22,PartReceived,,15,16.0
460,200265,1,24,29,26,31,51,63,62.0,46,45,4.9,PartReceived,,12,11.0
461,200266,1,1,152,19,18,94,98,100.0,63,61,11.82,PartReceived,,4,6.0
462,200266,2,32,181,26,5,106,124,123.0,68,66,18.08,PartReceived,,18,17.0
463,200267,1,17,142,6,14,161,176,177.0,14,13,5.3,PartReceived,,15,16.0
464,200268,1,38,167,15,32,104,116,117.0,26,25,7.65,PartReceived,,12,13.0
465,200269,1,25,60,17,25,110,119,121.0,20,19,8.22,PartReceived,,9,11.0
466,200270,1,31,19,15,1,123,143,142.0,16,15,4.04,PartReceived,,20,19.0
467,200271,1,48,47,17,25,52,55,57.0,102,100,8.59,PartReceived,,3,5.0
468,200271,2,28,84,19,30,82,88,88.0,15,14,6.36,PartReceived,,6,6.0
469,200271,3,39,176,4,14,72,91,102.0,50,31,4.92,PartReceived,,19,30.0
470,200272,1,29,32,26,1,107,122,128.0,35,21,13.2,PartReceived,,15,21.0
471,200273,1,22,28,15,32,16,34,40.0,64,61,6.27,PartReceived,,18,24.0
472,200273,2,20,25,6,14,45,51,50.0,61,60,13.66,PartReceived,,6,5.0
473,200273,3,42,120,6,1,100,118,118.0,70,69,5.32,PartReceived,,18,18.0
474,200274,1,55,20,4,5,98,108,110.0,80,78,8.65,PartReceived,,10,12.0
475,200275,1,36,181,6,25,154,156,157.0,48,46,5.64,PartReceived,,2,3.0
476,200275,2,50,172,26,18,163,168,169.0,65,62,3.48,PartReceived,,5,6.0
477,200276,1,25,70,17,9,67,88,88.0,44,36,3.74,PartReceived,,21,21.0
478,200276,2,27,39,17,9,41,48,49.0,60,47,23.04,PartReceived,,7,8.0
479,200276,3,14,150,4,14,46,66,66.0,24,23,6.82,PartReceived,,20,20.0
480,200276,4,35,66,15,9,166,168,168.0,50,49,6.74,PartReceived,,2,2.0
481,200276,5,1,57,19,9,79,96,103.0,30,28,10.09,PartReceived,,17,24.0
482,200277,1,37,120,19,9,168,175,177.0,52,49,5.99,PartReceived,,7,9.0
483,200278,1,31,199,15,18,146,158,157.0,46,45,9.97,PartReceived,,12,11.0
484,200278,2,50,119,26,5,119,125,124.0,30,29,13.68,PartReceived,,6,5.0
485,200278,3,30,69,19,30,145,147,147.0,40,39,6.45,PartReceived,,2,2.0
486,200278,4,12,114,17,1,145,160,160.0,41,18,5.19,PartReceived,,15,15.0
487,200279,1,18,171,15,18,45,55,57.0,44,33,8.3,PartReceived,,10,12.0
488,200279,2,49,169,4,9,179,180,180.0,60,57,10.05,PartReceived,,15,1.0
489,200279,3,14,192,4,1,45,63,72.0,40,39,7.33,PartReceived,,18,27.0
490,200279,4,35,51,15,23,71,84,85.0,90,86,9.14,PartReceived,,13,14.0
491,200280,1,24,33,26,5,120,134,133.0,30,29,8.25,PartReceived,,14,13.0
492,200280,2,5,86,4,18,79,87,89.0,26,13,2.01,PartReceived,,8,10.0
493,200280,3,47,72,6,23,180,180,180.0,50,49,7.03,PartReceived,,3,0.0
494,200281,1,55,27,4,9,27,36,37.0,24,22,7.05,PartReceived,,9,10.0
495,200282,1,5,21,4,14,128,132,134.0,26,25,7.04,PartReceived,,4,6.0
496,200282,2,33,58,15,14,34,51,53.0,28,26,11.35,PartReceived,,17,19.0
497,200282,3,24,175,26,14,155,158,158.0,64,62,11.1,PartReceived,,3,3.0
498,200283,1,5,6,4,25,172,180,180.0,42,41,3.71,PartReceived,,19,8.0
499,200284,1,27,102,17,18,120,122,122.0,90,88,7.87,PartReceived,,2,2.0
500,200285,1,27,113,17,14,14,21,22.0,23,22,10.16,PartReceived,,7,8.0
501,200285,2,52,108,19,31,138,159,159.0,106,75,13.23,PartReceived,,21,21.0
502,200286,1,56,142,4,18,119,140,145.0,22,21,5.27,PartReceived,,21,26.0
503,200286,2,50,190,26,31,131,152,,14,0,7.11,Cancelled,DemandDrop,21,
504,200287,1,51,139,6,18,58,67,68.0,66,63,5.74,PartReceived,,9,10.0
505,200288,1,8,143,15,1,149,151,153.0,41,18,9.42,PartReceived,,2,4.0
506,200289,1,43,108,6,30,33,35,37.0,60,57,12.72,PartReceived,,2,4.0
507,200290,1,53,147,19,5,18,31,32.0,63,61,6.04,PartReceived,,13,14.0
508,200291,1,24,74,26,31,136,144,143.0,90,89,11.41,PartReceived,,8,7.0
509,200292,1,58,195,19,25,67,78,79.0,103,102,5.89,PartReceived,,11,12.0
510,200292,2,28,84,19,18,104,110,111.0,12,11,6.49,PartReceived,,6,7.0
511,200293,1,36,193,6,9,7,17,16.0,28,27,2.69,PartReceived,,10,9.0
512,200294,1,51,30,6,23,111,131,140.0,24,23,12.14,PartReceived,,20,29.0
513,200294,2,52,151,19,25,125,134,134.0,18,11,9.18,PartReceived,,9,9.0
514,200294,3,32,32,26,23,105,119,120.0,50,47,6.68,PartReceived,,14,15.0
515,200295,1,12,114,17,31,55,70,72.0,46,44,5.28,PartReceived,,15,17.0
516,200295,2,3,47,17,32,97,112,111.0,23,22,5.3,PartReceived,,15,14.0
517,200296,1,35,102,15,30,24,38,37.0,63,62,5.01,PartReceived,,14,13.0
518,200297,1,50,57,26,30,158,163,162.0,32,17,12.02,PartReceived,,5,4.0
519,200298,1,47,164,6,5,141,159,161.0,52,50,4.72,PartReceived,,18,20.0
520,200298,2,56,31,4,14,35,48,48.0,24,23,15.06,PartReceived,,13,13.0
521,200299,1,22,54,15,31,53,59,59.0,22,21,3.17,PartReceived,,6,6.0
522,200299,2,43,102,6,31,34,55,55.0,40,19,3.91,PartReceived,,21,21.0
523,200300,1,53,46,19,25,101,121,129.0,90,89,9.43,PartReceived,,20,28.0
524,200300,2,5,21,4,32,77,81,80.0,18,12,7.22,PartReceived,,4,3.0
525,200300,3,46,95,15,25,78,91,90.0,66,63,8.71,PartReceived,,13,12.0
526,200300,4,24,11,26,30,26,34,35.0,65,64,21.18,PartReceived,,8,9.0
527,200301,1,39,3,4,30,74,89,90.0,25,23,9.13,PartReceived,,15,16.0
528,200301,2,31,147,15,30,159,169,168.0,66,63,18.24,PartReceived,,10,9.0
529,200302,1,29,177,26,1,175,179,180.0,30,22,11.36,PartReceived,,4,5.0
530,200302,2,10,80,17,14,24,38,40.0,43,41,3.6,PartReceived,,14,16.0
531,200302,3,10,80,17,25,4,18,18.0,44,43,3.6,PartReceived,,14,14.0
532,200302,4,45,143,17,32,74,77,77.0,30,29,7.26,PartReceived,,3,3.0
533,200302,5,10,68,17,32,16,29,28.0,12,11,14.81,PartReceived,,13,12.0
534,200303,1,8,87,15,25,54,75,76.0,70,66,9.35,PartReceived,,21,22.0
535,200304,1,15,185,19,9,126,133,134.0,20,12,11.38,PartReceived,,7,8.0
536,200304,2,31,69,15,25,123,133,133.0,32,20,5.98,PartReceived,,10,10.0
537,200305,1,42,11,6,5,30,41,41.0,22,21,4.69,PartReceived,,11,11.0
538,200305,2,30,71,19,31,10,17,17.0,85,83,6.57,PartReceived,,7,7.0
539,200306,1,1,140,19,9,49,60,61.0,14,13,4.59,PartReceived,,11,12.0
540,200307,1,37,130,19,25,18,27,27.0,16,15,19.53,PartReceived,,9,9.0
541,200308,1,19,96,6,25,39,42,41.0,116,113,26.83,PartReceived,,3,2.0
542,200309,1,12,71,17,30,101,118,120.0,26,25,20.21,PartReceived,,17,19.0
543,200310,1,54,166,4,1,93,105,106.0,60,59,5.77,PartReceived,,12,13.0
544,200311,1,1,83,19,5,170,174,176.0,68,65,12.9,PartReceived,,4,6.0
545,200312,1,1,152,19,5,148,152,154.0,64,61,11.9,PartReceived,,4,6.0
546,200312,2,32,84,26,9,101,122,124.0,12,11,12.33,PartReceived,,21,23.0
547,200312,3,37,89,19,14,12,32,34.0,32,26,5.52,PartReceived,,20,22.0
548,200313,1,14,85,4,1,84,90,91.0,65,62,4.26,PartReceived,,6,7.0
549,200313,2,4,186,19,30,64,85,87.0,50,25,6.4,PartReceived,,21,23.0
550,200313,3,25,70,17,30,10,31,31.0,44,42,3.73,PartReceived,,21,21.0
551,200314,1,14,83,4,9,114,126,125.0,46,21,6.67,PartReceived,,12,11.0
552,200315,1,7,49,6,18,82,96,96.0,15,14,8.41,PartReceived,,14,14.0
553,200315,2,28,2,19,30,97,112,114.0,25,23,10.38,PartReceived,,15,17.0
554,200316,1,8,100,15,18,126,134,133.0,18,12,3.5,PartReceived,,8,7.0
555,200316,2,8,87,15,31,108,129,128.0,50,48,9.47,PartReceived,,21,20.0
556,200316,3,27,39,17,5,122,129,129.0,50,49,22.86,PartReceived,,7,7.0
557,200316,4,15,106,19,18,47,53,53.0,65,58,14.01,PartReceived,,6,6.0
558,200316,5,37,17,19,23,37,46,47.0,44,43,11.67,PartReceived,,9,10.0
559,200317,1,42,43,6,9,36,48,50.0,44,30,5.28,PartReceived,,12,14.0
560,200318,1,54,27,4,25,59,63,70.0,66,63,4.81,PartReceived,,4,11.0
561,200319,1,14,75,4,32,157,173,172.0,30,29,8.0,PartReceived,,16,15.0
562,200320,1,56,27,4,31,18,24,25.0,68,52,3.69,PartReceived,,6,7.0
563,200321,1,11,136,6,14,45,55,,85,0,4.31,Cancelled,SupplierIssue,10,
564,200321,2,33,158,15,18,158,169,,68,0,9.39,Cancelled,SupplierIssue,11,
565,200322,1,39,29,4,25,156,160,159.0,24,23,10.36,PartReceived,,4,3.0
566,200322,2,43,39,6,18,46,58,60.0,21,20,3.75,PartReceived,,12,14.0
567,200322,3,57,20,6,1,11,21,23.0,60,33,6.28,PartReceived,,10,12.0
568,200323,1,33,58,15,30,56,73,73.0,32,31,11.78,PartReceived,,17,17.0
569,200324,1,29,32,26,30,84,99,98.0,35,33,13.42,PartReceived,,15,14.0
570,200325,1,44,156,15,9,34,39,45.0,12,11,4.01,PartReceived,,5,11.0
571,200326,1,35,29,15,14,158,172,179.0,24,23,8.21,PartReceived,,14,21.0
572,200327,1,43,39,6,30,93,105,105.0,26,24,3.78,PartReceived,,12,12.0
573,200327,2,12,14,17,5,93,106,107.0,68,67,5.86,PartReceived,,13,14.0
574,200328,1,46,199,15,25,31,40,40.0,26,25,2.74,PartReceived,,9,9.0
575,200329,1,49,172,4,14,96,115,114.0,64,62,9.75,PartReceived,,19,18.0
576,200330,1,39,37,4,9,101,107,109.0,16,15,7.54,PartReceived,,6,8.0
577,200330,2,18,118,15,23,157,173,173.0,106,105,13.26,PartReceived,,16,16.0
578,200331,1,33,36,15,18,123,144,146.0,84,42,5.96,PartReceived,,21,23.0
579,200331,2,51,72,6,31,60,76,77.0,80,77,4.6,PartReceived,,16,17.0
580,200332,1,14,199,4,25,21,30,31.0,65,57,12.49,PartReceived,,9,10.0
581,200332,2,1,169,19,23,142,148,150.0,30,26,15.73,PartReceived,,6,8.0
582,200333,1,33,168,15,18,80,82,82.0,28,27,11.58,PartReceived,,2,2.0
583,200334,1,39,84,4,9,46,54,55.0,40,39,5.59,PartReceived,,8,9.0
584,200335,1,31,126,15,18,142,150,152.0,14,8,8.66,PartReceived,,8,10.0
585,200336,1,25,128,17,18,80,97,,24,0,10.02,Cancelled,DemandDrop,17,
586,200336,2,27,5,17,9,17,30,29.0,43,42,7.94,PartReceived,,13,12.0
587,200336,3,31,19,15,5,43,63,64.0,13,12,4.05,PartReceived,,20,21.0
588,200336,4,58,19,19,23,163,168,168.0,18,17,6.38,PartReceived,,5,5.0
589,200336,5,29,141,26,30,19,33,33.0,14,13,10.75,PartReceived,,14,14.0
590,200337,1,34,11,6,30,165,173,174.0,90,87,12.39,PartReceived,,8,9.0
591,200337,2,10,68,17,30,48,61,61.0,12,11,14.97,PartReceived,,13,13.0
592,200338,1,37,130,19,9,122,131,132.0,13,11,19.95,PartReceived,,9,10.0
593,200339,1,29,154,26,30,17,21,,45,0,20.3,Cancelled,DemandDrop,4,
594,200340,1,35,51,15,18,34,47,46.0,70,58,9.45,PartReceived,,13,12.0
595,200340,2,14,155,4,14,72,84,83.0,30,28,14.03,PartReceived,,12,11.0
596,200340,3,23,19,4,32,149,154,153.0,50,49,3.31,PartReceived,,5,4.0
597,200340,4,53,147,19,30,157,170,178.0,63,60,6.19,PartReceived,,13,21.0
598,200340,5,25,57,17,9,32,47,49.0,25,24,4.15,PartReceived,,15,17.0
599,200340,6,35,160,15,14,101,115,120.0,45,42,14.01,PartReceived,,14,19.0
600,200341,1,43,44,6,23,84,98,99.0,70,67,9.57,PartReceived,,14,15.0
601,200342,1,38,18,15,25,143,152,157.0,104,102,12.12,PartReceived,,9,14.0
602,200343,1,13,125,17,18,151,153,160.0,30,28,18.72,PartReceived,,2,9.0
603,200344,1,26,150,15,31,9,30,,62,0,11.9,Cancelled,SupplierIssue,21,
604,200345,1,49,9,4,31,136,148,147.0,60,58,4.04,PartReceived,,12,11.0
605,200346,1,44,111,15,30,3,7,8.0,25,24,6.93,PartReceived,,4,5.0
606,200347,1,15,106,19,30,58,64,64.0,45,27,14.22,PartReceived,,6,6.0
607,200348,1,14,112,4,23,118,121,121.0,42,25,5.68,PartReceived,,3,3.0
608,200348,2,53,71,19,14,42,46,48.0,90,44,6.02,PartReceived,,4,6.0
609,200348,3,36,122,6,18,171,180,180.0,25,18,7.38,PartReceived,,13,9.0
610,200348,4,33,158,15,14,114,125,125.0,62,60,9.03,PartReceived,,11,11.0
611,200348,5,33,28,15,9,61,72,74.0,160,154,16.12,PartReceived,,11,13.0
612,200348,6,36,122,6,5,40,53,56.0,50,48,7.18,PartReceived,,13,16.0
613,200349,1,25,57,17,1,24,39,38.0,25,23,4.14,PartReceived,,15,14.0
614,200350,1,21,93,19,5,155,162,161.0,130,125,18.68,PartReceived,,7,6.0
615,200351,1,8,100,15,1,95,103,102.0,14,13,3.24,PartReceived,,8,7.0
616,200352,1,16,101,6,31,66,86,87.0,64,61,9.33,PartReceived,,20,21.0
617,200352,2,33,168,15,30,20,22,22.0,40,24,12.05,PartReceived,,2,2.0
618,200352,3,10,19,17,18,38,46,54.0,22,21,8.7,PartReceived,,8,16.0
619,200352,4,11,23,6,14,81,98,97.0,22,21,3.08,PartReceived,,17,16.0
620,200352,5,58,17,19,30,47,59,68.0,76,74,6.87,PartReceived,,12,21.0
621,200353,1,50,90,26,18,154,165,165.0,52,30,8.81,PartReceived,,11,11.0
622,200353,2,29,125,26,32,28,49,48.0,66,35,10.54,PartReceived,,21,20.0
623,200353,3,31,173,15,30,40,47,46.0,116,111,10.83,PartReceived,,7,6.0
624,200354,1,40,119,17,30,96,104,105.0,56,55,8.35,PartReceived,,8,9.0
625,200355,1,54,84,4,32,89,93,93.0,48,46,15.79,PartReceived,,4,4.0
626,200356,1,13,123,17,14,114,117,118.0,16,15,10.78,PartReceived,,3,4.0
627,200357,1,7,138,6,30,179,180,180.0,110,107,5.2,PartReceived,,14,1.0
628,200358,1,15,40,19,23,149,164,164.0,21,20,7.58,PartReceived,,15,15.0
629,200359,1,51,62,6,30,46,53,52.0,44,43,5.35,PartReceived,,7,6.0
630,200360,1,12,156,17,32,10,13,15.0,45,38,12.35,PartReceived,,3,5.0
631,200360,2,58,155,19,1,27,39,40.0,72,68,4.15,PartReceived,,12,13.0
632,200361,1,19,133,6,23,24,36,38.0,65,64,9.24,PartReceived,,12,14.0
633,200361,2,60,157,15,14,171,180,180.0,24,23,6.0,PartReceived,,11,9.0
634,200361,3,39,127,4,31,156,169,177.0,120,114,6.27,PartReceived,,13,21.0
635,200361,4,54,119,4,32,142,154,155.0,72,38,6.13,PartReceived,,12,13.0
636,200362,1,32,52,26,31,45,61,62.0,45,36,8.82,PartReceived,,16,17.0
637,200363,1,25,57,17,32,30,45,46.0,26,25,4.32,PartReceived,,15,16.0
638,200364,1,28,13,19,25,91,108,110.0,25,24,8.94,PartReceived,,17,19.0
639,200365,1,14,156,4,1,49,52,52.0,40,39,4.25,PartReceived,,3,3.0
640,200365,2,42,144,6,30,49,70,72.0,64,61,8.23,PartReceived,,21,23.0
641,200365,3,24,11,26,9,37,45,44.0,63,54,20.22,PartReceived,,8,7.0
642,200366,1,24,194,26,31,123,136,138.0,14,8,4.37,PartReceived,,13,15.0
643,200367,1,41,74,26,23,115,133,134.0,43,41,3.6,PartReceived,,18,19.0
644,200368,1,26,150,15,18,99,120,125.0,66,64,11.59,PartReceived,,21,26.0
645,200368,2,15,40,19,5,8,23,23.0,26,13,7.22,PartReceived,,15,15.0
646,200368,3,14,155,4,25,22,34,34.0,26,25,14.48,PartReceived,,12,12.0
647,200368,4,34,11,6,5,148,156,156.0,85,66,11.66,PartReceived,,8,8.0
648,200368,5,56,16,4,31,79,87,87.0,30,29,6.29,PartReceived,,8,8.0
649,200368,6,26,99,15,25,159,171,177.0,80,78,6.93,PartReceived,,12,18.0
650,200369,1,30,69,19,30,87,89,89.0,15,14,6.53,PartReceived,,2,2.0
651,200369,2,37,24,19,18,55,69,74.0,90,89,8.41,PartReceived,,14,19.0
652,200370,1,41,147,26,5,49,68,75.0,40,38,8.25,PartReceived,,19,26.0
653,200370,2,8,143,15,5,105,107,109.0,45,44,9.89,PartReceived,,2,4.0
654,200370,3,35,29,15,25,65,79,79.0,28,27,8.45,PartReceived,,14,14.0
655,200370,4,24,61,26,32,104,117,117.0,48,46,19.53,PartReceived,,13,13.0
656,200371,1,47,72,6,30,69,72,73.0,50,49,6.97,PartReceived,,3,4.0
657,200371,2,35,91,15,14,87,94,94.0,48,47,3.35,PartReceived,,7,7.0
658,200372,1,49,9,4,23,109,121,122.0,50,48,4.08,PartReceived,,12,13.0
659,200372,2,60,154,15,9,21,39,38.0,32,31,9.2,PartReceived,,18,17.0
660,200373,1,8,100,15,31,108,116,118.0,16,15,3.39,PartReceived,,8,10.0
661,200373,2,19,135,6,30,26,37,36.0,14,13,8.22,PartReceived,,11,10.0
662,200373,3,46,199,15,9,105,114,115.0,30,15,2.78,PartReceived,,9,10.0
663,200373,4,59,42,26,14,91,98,99.0,66,49,4.4,PartReceived,,7,8.0
664,200374,1,3,191,17,9,173,180,179.0,70,47,24.1,PartReceived,,15,6.0
665,200374,2,51,62,6,30,44,51,51.0,44,26,5.19,PartReceived,,7,7.0
666,200374,3,35,199,15,25,40,53,55.0,14,13,10.98,PartReceived,,13,15.0
667,200374,4,43,116,6,14,159,167,167.0,14,13,5.71,PartReceived,,8,8.0
668,200375,1,13,186,17,9,85,90,92.0,70,67,3.21,PartReceived,,5,7.0
669,200375,2,27,132,17,18,74,92,91.0,50,49,7.53,PartReceived,,18,17.0
670,200376,1,14,104,4,5,109,122,130.0,26,25,4.94,PartReceived,,13,21.0
671,200377,1,46,145,15,31,164,180,180.0,72,71,11.03,PartReceived,,16,16.0
672,200377,2,31,171,15,14,178,180,180.0,102,85,6.16,PartReceived,,6,2.0
673,200377,3,32,45,26,9,129,147,147.0,60,45,7.93,PartReceived,,18,18.0
674,200378,1,14,156,4,18,66,69,69.0,44,42,4.12,PartReceived,,3,3.0
675,200379,1,48,197,17,14,5,7,9.0,40,39,5.89,PartReceived,,2,4.0
676,200379,2,24,29,26,25,89,101,110.0,41,39,5.23,PartReceived,,12,21.0
677,200379,3,49,169,4,1,15,30,36.0,90,87,9.53,PartReceived,,15,21.0
678,200379,4,3,193,17,25,115,119,119.0,42,40,12.48,PartReceived,,4,4.0
679,200380,1,44,116,15,18,151,156,162.0,50,27,6.87,PartReceived,,5,11.0
680,200381,1,21,117,19,25,159,167,167.0,23,19,5.11,PartReceived,,8,8.0
681,200382,1,31,199,15,1,174,180,180.0,46,45,10.48,PartReceived,,12,6.0
682,200382,2,31,199,15,14,92,104,103.0,45,25,10.26,PartReceived,,12,11.0
683,200382,3,40,113,17,32,67,87,88.0,64,63,8.81,PartReceived,,20,21.0
684,200383,1,30,95,19,1,50,65,65.0,105,102,19.48,PartReceived,,15,15.0
685,200384,1,47,72,6,5,22,25,26.0,45,44,7.23,PartReceived,,3,4.0
686,200385,1,58,17,19,30,30,42,43.0,76,75,6.92,PartReceived,,12,13.0
687,200386,1,1,88,19,9,108,121,122.0,14,13,4.11,PartReceived,,13,14.0
688,200387,1,24,53,26,18,8,22,21.0,112,107,7.66,PartReceived,,14,13.0
689,200388,1,35,66,15,31,88,90,91.0,40,39,6.77,PartReceived,,2,3.0
690,200389,1,16,156,6,25,29,46,,40,0,8.43,Cancelled,DataError,17,
691,200389,2,33,4,15,31,49,70,71.0,21,20,12.79,PartReceived,,21,22.0
692,200390,1,18,24,15,23,98,111,111.0,14,8,9.91,PartReceived,,13,13.0
693,200390,2,12,71,17,14,74,91,90.0,30,29,20.86,PartReceived,,17,16.0
694,200390,3,35,24,15,32,171,179,180.0,105,100,6.98,PartReceived,,8,9.0
695,200390,4,23,153,4,30,71,74,81.0,40,39,16.3,PartReceived,,3,10.0
696,200391,1,3,6,17,31,23,33,32.0,43,28,23.21,PartReceived,,10,9.0
697,200392,1,10,38,17,30,136,143,143.0,56,55,7.33,PartReceived,,7,7.0
698,200393,1,30,28,19,1,71,74,75.0,68,64,8.97,PartReceived,,3,4.0
699,200394,1,47,72,6,23,173,176,177.0,55,53,7.0,PartReceived,,3,4.0
700,200394,2,6,198,6,23,124,129,128.0,80,79,4.26,PartReceived,,5,4.0
701,200394,3,43,102,6,32,17,38,38.0,32,31,3.85,PartReceived,,21,21.0
702,200394,4,10,23,17,25,54,65,64.0,46,44,6.6,PartReceived,,11,10.0
703,200394,5,31,92,15,14,133,150,149.0,105,101,7.76,PartReceived,,17,16.0
704,200394,6,32,52,26,32,32,48,49.0,50,48,9.29,PartReceived,,16,17.0
705,200395,1,14,56,4,25,76,83,83.0,44,36,12.62,PartReceived,,7,7.0
706,200395,2,49,40,4,25,2,13,14.0,40,31,7.07,PartReceived,,11,12.0
707,200396,1,24,29,26,9,147,159,159.0,43,41,4.96,PartReceived,,12,12.0
708,200396,2,51,30,6,30,60,80,85.0,28,13,11.97,PartReceived,,20,25.0
709,200397,1,27,5,17,5,59,72,71.0,41,39,7.68,PartReceived,,13,12.0
710,200397,2,25,128,17,18,24,41,42.0,22,21,9.82,PartReceived,,17,18.0
711,200397,3,8,100,15,1,142,150,149.0,20,19,3.41,PartReceived,,8,7.0
712,200398,1,11,181,6,32,25,44,46.0,65,64,5.79,PartReceived,,19,21.0
713,200399,1,2,197,19,14,142,163,164.0,56,45,3.86,PartReceived,,21,22.0
714,200400,1,9,100,6,25,19,27,29.0,115,69,10.84,PartReceived,,8,10.0
715,200401,1,25,57,17,25,75,90,92.0,26,25,4.2,PartReceived,,15,17.0
716,200401,2,55,48,4,1,62,70,72.0,34,32,6.76,PartReceived,,8,10.0
717,200402,1,43,39,6,18,66,78,79.0,22,21,3.73,PartReceived,,12,13.0
718,200403,1,7,185,6,9,180,180,180.0,90,49,5.2,PartReceived,,17,0.0
719,200404,1,39,96,4,23,132,138,137.0,104,101,21.65,PartReceived,,6,5.0
720,200405,1,28,2,19,5,177,180,180.0,40,38,11.04,PartReceived,,15,3.0
721,200405,2,2,166,19,18,150,160,162.0,14,13,5.84,PartReceived,,10,12.0
722,200405,3,35,91,15,9,63,70,,64,0,3.38,Cancelled,SupplierIssue,7,
723,200406,1,13,124,17,1,90,104,,35,0,5.98,Cancelled,DataError,14,
724,200406,2,14,161,4,30,113,132,133.0,103,100,8.3,PartReceived,,19,20.0
725,200406,3,46,145,15,18,9,25,27.0,64,63,10.76,PartReceived,,16,18.0
726,200406,4,55,136,4,5,162,167,168.0,110,109,9.56,PartReceived,,5,6.0
727,200406,5,21,137,19,32,112,127,129.0,120,119,8.93,PartReceived,,15,17.0
728,200407,1,14,190,4,30,34,44,46.0,13,12,2.04,PartReceived,,10,12.0
729,200408,1,43,31,6,1,113,121,120.0,68,65,10.03,PartReceived,,8,7.0
730,200408,2,41,106,26,9,156,159,159.0,70,68,4.97,PartReceived,,3,3.0
731,200408,3,2,197,19,5,167,180,179.0,52,51,4.16,PartReceived,,21,12.0
732,200408,4,12,114,17,23,66,81,83.0,43,42,5.14,PartReceived,,15,17.0
733,200409,1,54,88,4,1,173,180,180.0,90,88,6.85,PartReceived,,18,7.0
734,200409,2,41,147,26,32,100,119,120.0,30,29,8.26,PartReceived,,19,20.0
735,200410,1,32,84,26,23,65,86,85.0,20,19,11.79,PartReceived,,21,20.0
736,200410,2,45,63,17,5,175,180,,25,0,9.31,Cancelled,SupplierIssue,17,
737,200411,1,55,19,4,23,30,33,33.0,22,21,11.96,PartReceived,,3,3.0
738,200411,2,59,42,26,5,150,157,164.0,66,38,4.58,PartReceived,,7,14.0
739,200412,1,43,182,6,5,59,65,67.0,72,68,3.4,PartReceived,,6,8.0
740,200413,1,58,195,19,1,39,50,50.0,105,104,6.0,PartReceived,,11,11.0
741,200414,1,12,159,17,18,134,141,143.0,30,28,10.38,PartReceived,,7,9.0
742,200414,2,35,91,15,9,100,107,,60,0,3.48,Cancelled,DataError,7,
743,200414,3,39,127,4,1,74,87,87.0,115,110,6.38,PartReceived,,13,13.0
744,200415,1,3,6,17,30,41,51,61.0,42,40,23.57,PartReceived,,10,20.0
745,200416,1,41,74,26,30,74,92,94.0,44,38,3.59,PartReceived,,18,20.0
746,200417,1,36,13,6,25,96,103,105.0,40,39,5.18,PartReceived,,7,9.0
747,200417,2,22,105,15,9,94,96,98.0,60,59,5.69,PartReceived,,2,4.0
748,200418,1,29,32,26,23,139,154,155.0,40,22,12.53,PartReceived,,15,16.0
749,200418,2,5,34,4,14,61,72,73.0,70,69,6.19,PartReceived,,11,12.0
750,200418,3,42,120,6,9,46,64,64.0,70,69,5.33,PartReceived,,18,18.0
751,200419,1,5,95,4,32,69,86,96.0,120,117,5.44,PartReceived,,17,27.0
752,200420,1,29,67,26,31,5,17,16.0,32,31,13.27,PartReceived,,12,11.0
753,200420,2,16,101,6,1,53,73,72.0,56,55,9.19,PartReceived,,20,19.0
754,200421,1,36,3,6,5,115,118,118.0,35,30,11.56,PartReceived,,3,3.0
755,200421,2,13,125,17,32,115,117,119.0,24,23,18.86,PartReceived,,2,4.0
756,200422,1,51,13,6,5,20,22,22.0,28,27,17.86,PartReceived,,2,2.0
757,200423,1,46,167,15,5,102,113,114.0,22,21,5.05,PartReceived,,11,12.0
758,200423,2,44,35,15,9,31,43,42.0,70,67,7.87,PartReceived,,12,11.0
759,200424,1,49,40,4,31,60,71,72.0,35,20,7.02,PartReceived,,11,12.0
760,200425,1,59,77,26,9,113,129,129.0,40,38,5.77,PartReceived,,16,16.0
761,200425,2,39,3,4,14,5,20,20.0,30,28,9.46,PartReceived,,15,15.0
762,200425,3,24,29,26,18,16,28,28.0,41,40,4.94,PartReceived,,12,12.0
763,200426,1,18,24,15,14,36,49,49.0,34,32,10.41,PartReceived,,13,13.0
764,200427,1,41,85,26,25,83,89,97.0,25,24,10.6,PartReceived,,6,14.0
765,200427,2,20,164,6,1,39,56,56.0,65,31,5.0,PartReceived,,17,17.0
766,200427,3,36,84,6,1,179,180,180.0,60,58,3.23,PartReceived,,6,1.0
767,200428,1,4,77,19,31,25,32,32.0,110,107,5.86,PartReceived,,7,7.0
768,200428,2,60,157,15,18,147,158,161.0,21,20,6.24,PartReceived,,11,14.0
769,200429,1,5,6,4,23,11,30,32.0,50,36,3.75,PartReceived,,19,21.0
770,200429,2,10,80,17,14,156,170,169.0,42,41,3.88,PartReceived,,14,13.0
771,200429,3,46,102,15,1,147,158,160.0,60,44,12.2,PartReceived,,11,13.0
772,200430,1,43,120,6,1,139,151,152.0,36,34,2.44,PartReceived,,12,13.0
773,200430,2,53,48,19,14,178,180,179.0,18,17,6.15,PartReceived,,10,1.0
774,200431,1,4,186,19,32,67,88,88.0,60,58,6.23,PartReceived,,21,21.0
775,200432,1,12,71,17,5,48,65,66.0,18,17,20.6,PartReceived,,17,18.0
776,200432,2,12,159,17,25,173,180,180.0,30,29,10.89,PartReceived,,7,7.0
777,200432,3,58,16,19,14,17,19,18.0,80,76,4.93,PartReceived,,2,1.0
778,200433,1,11,136,6,23,44,54,58.0,80,79,4.13,PartReceived,,10,14.0
779,200434,1,38,171,15,5,9,22,24.0,120,100,5.38,PartReceived,,13,15.0
780,200435,1,46,152,15,31,24,34,35.0,28,16,9.21,PartReceived,,10,11.0
781,200436,1,30,100,19,9,25,30,32.0,30,23,3.77,PartReceived,,5,7.0
782,200437,1,36,122,6,1,127,140,142.0,25,24,7.24,PartReceived,,13,15.0
783,200438,1,46,139,15,5,31,43,45.0,48,46,7.67,PartReceived,,12,14.0
784,200439,1,45,64,17,31,169,180,180.0,30,29,8.85,PartReceived,,15,11.0
785,200440,1,31,135,15,25,118,135,136.0,42,41,8.89,PartReceived,,17,18.0
786,200441,1,4,186,19,30,69,90,89.0,70,67,6.43,PartReceived,,21,20.0
787,200441,2,42,43,6,9,99,111,113.0,24,20,5.14,PartReceived,,12,14.0
788,200442,1,6,165,6,14,60,79,78.0,103,98,12.77,PartReceived,,19,18.0
789,200443,1,37,130,19,14,26,35,44.0,15,14,18.63,PartReceived,,9,18.0
790,200444,1,12,14,17,30,114,127,126.0,68,65,5.81,PartReceived,,13,12.0
791,200445,1,42,180,6,30,123,139,140.0,26,22,10.31,PartReceived,,16,17.0
792,200446,1,58,195,19,18,111,122,123.0,102,101,6.18,PartReceived,,11,12.0
793,200446,2,21,189,19,25,179,180,180.0,70,67,7.0,PartReceived,,15,1.0
794,200447,1,57,76,6,31,130,137,,102,0,8.48,Cancelled,DataError,7,
795,200448,1,19,135,6,25,47,58,59.0,22,21,7.7,PartReceived,,11,12.0
796,200449,1,59,127,26,18,173,180,180.0,46,27,10.51,PartReceived,,12,7.0
797,200450,1,27,34,17,14,107,117,116.0,44,34,9.41,PartReceived,,10,9.0
798,200451,1,59,33,26,5,180,180,180.0,102,99,8.31,PartReceived,,21,0.0
799,200451,2,27,85,17,30,38,44,44.0,14,13,11.73,PartReceived,,6,6.0
800,200452,1,59,127,26,14,111,123,127.0,44,43,11.04,PartReceived,,12,16.0
801,200452,2,28,182,19,25,173,180,,110,0,10.36,Cancelled,DataError,19,
802,200452,3,58,16,19,1,155,157,158.0,30,24,4.88,PartReceived,,2,3.0
803,200452,4,1,157,19,25,128,149,154.0,26,25,3.58,PartReceived,,21,26.0
804,200452,5,50,190,26,31,140,161,160.0,14,7,7.29,PartReceived,,21,20.0
805,200452,6,37,176,19,30,70,79,78.0,50,49,10.51,PartReceived,,9,8.0
806,200453,1,49,200,4,23,103,106,108.0,50,32,5.88,PartReceived,,3,5.0
807,200454,1,49,80,4,31,69,80,79.0,11,10,7.12,PartReceived,,11,10.0
808,200455,1,10,165,17,30,89,96,96.0,70,67,7.2,PartReceived,,7,7.0
809,200456,1,51,139,6,9,125,134,135.0,72,71,5.99,PartReceived,,9,10.0
810,200457,1,14,83,4,25,127,139,141.0,45,39,6.86,PartReceived,,12,14.0
811,200458,1,49,71,4,14,141,159,158.0,102,97,9.73,PartReceived,,18,17.0
812,200459,1,29,125,26,5,56,77,77.0,70,69,10.29,PartReceived,,21,21.0
813,200460,1,9,178,6,9,118,137,137.0,30,28,7.57,PartReceived,,19,19.0
814,200460,2,57,20,6,14,69,79,80.0,80,46,6.05,PartReceived,,10,11.0
815,200460,3,52,172,19,32,120,124,123.0,35,33,9.39,PartReceived,,4,3.0
816,200460,4,55,19,4,5,59,62,61.0,22,21,12.26,PartReceived,,3,2.0
817,200461,1,45,89,17,31,64,82,81.0,60,57,3.93,PartReceived,,18,17.0
818,200461,2,43,116,6,31,62,70,71.0,30,29,5.98,PartReceived,,8,9.0
819,200461,3,42,118,6,30,53,58,60.0,44,43,8.38,PartReceived,,5,7.0
820,200462,1,58,32,19,32,16,22,24.0,45,43,7.79,PartReceived,,6,8.0
821,200462,2,26,135,15,30,20,25,30.0,120,119,4.69,PartReceived,,5,10.0
822,200463,1,10,165,17,32,59,66,68.0,100,61,7.42,PartReceived,,7,9.0
823,200464,1,15,19,19,14,2,21,30.0,30,29,14.72,PartReceived,,19,28.0
824,200464,2,8,189,15,32,38,54,54.0,64,63,4.07,PartReceived,,16,16.0
825,200465,1,46,80,15,30,5,18,17.0,30,29,7.46,PartReceived,,13,12.0
826,200466,1,42,70,6,23,32,36,36.0,22,11,4.12,PartReceived,,4,4.0
827,200466,2,55,136,4,25,175,180,180.0,102,99,9.66,PartReceived,,5,5.0
828,200467,1,17,194,6,14,74,82,84.0,110,109,7.52,PartReceived,,8,10.0
829,200467,2,13,86,17,9,12,18,18.0,105,103,10.15,PartReceived,,6,6.0
830,200468,1,33,14,15,9,135,150,149.0,65,63,6.81,PartReceived,,15,14.0
831,200468,2,29,177,26,9,154,158,165.0,40,31,11.03,PartReceived,,4,11.0
832,200468,3,56,16,4,25,81,89,90.0,32,28,6.03,PartReceived,,8,9.0
833,200469,1,54,166,4,18,144,156,157.0,48,47,5.36,PartReceived,,12,13.0
834,200470,1,33,158,15,32,18,29,31.0,66,65,9.37,PartReceived,,11,13.0
835,200471,1,3,137,17,30,72,88,87.0,62,28,8.39,PartReceived,,16,15.0
836,200471,2,27,113,17,30,19,26,26.0,24,22,10.44,PartReceived,,7,7.0
837,200472,1,18,118,15,32,145,161,161.0,105,103,13.12,PartReceived,,16,16.0
838,200472,2,38,18,15,14,13,22,24.0,104,103,11.57,PartReceived,,9,11.0
839,200473,1,55,20,4,5,6,16,17.0,80,77,8.48,PartReceived,,10,11.0
840,200473,2,51,9,6,31,123,129,131.0,15,14,5.44,PartReceived,,6,8.0
841,200473,3,14,134,4,14,127,146,147.0,43,42,5.59,PartReceived,,19,20.0
842,200474,1,33,14,15,14,146,161,163.0,55,54,6.7,PartReceived,,15,17.0
843,200475,1,43,120,6,23,53,65,65.0,40,20,2.44,PartReceived,,12,12.0
844,200475,2,8,57,15,23,3,24,25.0,48,24,11.44,PartReceived,,21,22.0
845,200476,1,43,31,6,1,179,180,180.0,84,81,10.62,PartReceived,,8,1.0
846,200477,1,43,182,6,32,119,125,124.0,72,38,3.53,PartReceived,,6,5.0
847,200478,1,42,118,6,31,25,30,31.0,24,23,8.52,PartReceived,,5,6.0
848,200479,1,4,65,19,14,43,49,48.0,14,13,14.11,PartReceived,,6,5.0
849,200479,2,55,27,4,18,167,176,176.0,28,27,6.69,PartReceived,,9,9.0
850,200479,3,53,48,19,18,65,75,77.0,18,17,6.03,PartReceived,,10,12.0
851,200480,1,49,66,4,31,96,99,100.0,40,32,9.83,PartReceived,,3,4.0
852,200481,1,27,113,17,14,152,159,160.0,25,24,10.12,PartReceived,,7,8.0
853,200481,2,48,47,17,30,156,159,165.0,102,97,8.14,PartReceived,,3,9.0
854,200482,1,36,181,6,30,75,77,79.0,56,54,5.56,PartReceived,,2,4.0
855,200483,1,46,139,15,23,66,78,80.0,48,46,7.44,PartReceived,,12,14.0
856,200484,1,36,84,6,32,151,157,159.0,70,67,3.11,PartReceived,,6,8.0
857,200485,1,20,184,6,5,107,112,111.0,32,31,4.51,PartReceived,,5,4.0
858,200486,1,55,20,4,30,150,160,166.0,65,49,8.54,PartReceived,,10,16.0
859,200487,1,18,114,15,23,15,18,19.0,28,27,6.96,PartReceived,,3,4.0
860,200487,2,10,19,17,30,92,100,99.0,32,31,8.56,PartReceived,,8,7.0
861,200488,1,49,9,4,18,83,95,97.0,70,67,4.04,PartReceived,,12,14.0
862,200488,2,38,157,15,1,84,97,99.0,62,61,4.73,PartReceived,,13,15.0
863,200489,1,55,136,4,1,163,168,169.0,108,102,9.2,PartReceived,,5,6.0
864,200490,1,14,192,4,31,102,120,120.0,50,49,7.56,PartReceived,,18,18.0
865,200490,2,18,118,15,18,121,137,142.0,105,102,13.39,PartReceived,,16,21.0
866,200491,1,54,119,4,32,174,180,180.0,66,64,6.34,PartReceived,,12,6.0
867,200491,2,5,34,4,1,67,78,77.0,65,64,5.85,PartReceived,,11,10.0
868,200491,3,14,161,4,25,169,180,179.0,104,103,8.11,PartReceived,,19,10.0
869,200491,4,25,60,17,14,83,92,94.0,60,58,8.13,PartReceived,,9,11.0
870,200491,5,12,156,17,30,135,138,140.0,50,49,12.01,PartReceived,,3,5.0
871,200492,1,60,184,15,18,151,160,161.0,26,25,4.41,PartReceived,,9,10.0
872,200493,1,51,110,6,5,75,93,92.0,42,41,4.88,PartReceived,,18,17.0
873,200494,1,55,146,4,23,148,169,171.0,21,20,9.05,PartReceived,,21,23.0
874,200495,1,48,47,17,1,110,113,112.0,112,111,7.99,PartReceived,,3,2.0
875,200496,1,21,189,19,18,45,60,59.0,72,71,6.6,PartReceived,,15,14.0
876,200496,2,53,117,19,1,22,40,39.0,65,62,9.88,PartReceived,,18,17.0
877,200497,1,55,59,4,31,169,172,172.0,40,26,3.7,PartReceived,,3,3.0
878,200498,1,24,175,26,18,65,68,69.0,62,60,11.28,PartReceived,,3,4.0
879,200499,1,29,32,26,14,82,97,,15,0,13.1,Cancelled,DataError,15,
880,200500,1,37,120,19,18,80,87,88.0,60,27,5.99,PartReceived,,7,8.0
881,200501,1,46,98,15,23,58,62,61.0,40,38,14.5,PartReceived,,4,3.0
882,200502,1,33,158,15,1,75,86,86.0,66,63,9.39,PartReceived,,11,11.0
883,200503,1,24,175,26,30,61,64,63.0,65,49,10.95,PartReceived,,3,2.0
884,200503,2,27,159,17,5,8,13,14.0,108,104,12.98,PartReceived,,5,6.0
885,200504,1,50,172,26,18,148,153,155.0,60,37,3.67,PartReceived,,5,7.0
886,200505,1,41,147,26,30,118,137,136.0,50,48,8.44,PartReceived,,19,18.0
887,200506,1,21,93,19,30,26,33,33.0,105,104,17.89,PartReceived,,7,7.0
888,200507,1,3,193,17,14,116,120,121.0,52,51,12.26,PartReceived,,4,5.0
889,200508,1,46,149,15,18,170,174,173.0,110,104,8.89,PartReceived,,4,3.0
890,200508,2,42,144,6,25,107,128,129.0,66,64,8.23,PartReceived,,21,22.0
891,200509,1,40,145,17,1,151,172,173.0,25,21,7.97,PartReceived,,21,22.0
892,200509,2,44,186,15,32,178,180,180.0,30,28,15.76,PartReceived,,6,2.0
893,200510,1,52,165,19,30,10,16,20.0,22,21,12.75,PartReceived,,6,10.0
894,200511,1,6,40,6,18,125,146,146.0,90,88,3.85,PartReceived,,21,21.0
895,200511,2,15,9,19,14,147,168,169.0,52,51,11.17,PartReceived,,21,22.0
896,200512,1,54,119,4,25,22,34,33.0,68,65,6.12,PartReceived,,12,11.0
897,200513,1,36,193,6,25,27,37,36.0,24,23,2.72,PartReceived,,10,9.0
898,200514,1,56,27,4,5,10,16,,66,0,3.98,Cancelled,DataError,6,
899,200514,2,40,130,17,31,149,169,170.0,14,13,10.61,PartReceived,,20,21.0
900,200515,1,33,158,15,23,52,63,64.0,62,60,8.95,PartReceived,,11,12.0
901,200515,2,31,173,15,25,67,74,74.0,104,101,10.5,PartReceived,,7,7.0
902,200516,1,29,154,26,25,33,37,37.0,45,43,19.45,PartReceived,,4,4.0
903,200517,1,51,30,6,9,115,135,137.0,40,39,12.13,PartReceived,,20,22.0
904,200518,1,20,43,6,30,37,52,52.0,15,14,13.3,PartReceived,,15,15.0
905,200519,1,49,40,4,31,162,173,172.0,45,44,6.81,PartReceived,,11,10.0
906,200519,2,53,48,19,25,60,70,69.0,20,19,6.13,PartReceived,,10,9.0
907,200520,1,13,123,17,1,144,147,147.0,14,13,10.73,PartReceived,,3,3.0
908,200521,1,53,87,19,5,112,131,132.0,105,100,7.35,PartReceived,,19,20.0
909,200522,1,23,19,4,32,97,102,104.0,60,59,3.3,PartReceived,,5,7.0
910,200523,1,44,111,15,32,94,98,103.0,25,23,6.89,PartReceived,,4,9.0
911,200524,1,52,165,19,31,154,160,162.0,18,17,12.52,PartReceived,,6,8.0
912,200525,1,40,101,17,30,108,110,111.0,44,30,8.84,PartReceived,,2,3.0
913,200526,1,49,172,4,32,145,164,163.0,44,43,9.48,PartReceived,,19,18.0
914,200526,2,44,116,15,23,124,129,130.0,60,50,6.82,PartReceived,,5,6.0
915,200527,1,53,72,19,30,57,63,63.0,50,36,5.1,PartReceived,,6,6.0
916,200527,2,59,77,26,31,67,83,88.0,25,24,6.12,PartReceived,,16,21.0
917,200528,1,36,31,6,5,6,24,23.0,50,49,5.84,PartReceived,,18,17.0
918,200529,1,48,47,17,5,46,49,49.0,104,101,7.99,PartReceived,,3,3.0
919,200530,1,53,147,19,23,95,108,107.0,66,65,5.79,PartReceived,,13,12.0
920,200530,2,32,181,26,23,14,32,31.0,84,80,19.39,PartReceived,,18,17.0
921,200531,1,9,15,6,1,41,61,62.0,30,29,4.81,PartReceived,,20,21.0
922,200532,1,52,151,19,32,119,128,127.0,20,19,9.18,PartReceived,,9,8.0
923,200533,1,4,186,19,23,52,73,75.0,80,78,6.52,PartReceived,,21,23.0
924,200534,1,35,38,15,25,71,89,88.0,68,66,9.46,PartReceived,,18,17.0
925,200534,2,34,41,6,1,9,15,16.0,110,105,8.29,PartReceived,,6,7.0
926,200535,1,15,88,19,5,4,19,18.0,64,62,6.88,PartReceived,,15,14.0
927,200536,1,26,99,15,32,130,142,141.0,120,119,7.21,PartReceived,,12,11.0
928,200537,1,46,199,15,30,29,38,37.0,30,15,2.75,PartReceived,,9,8.0
929,200537,2,59,77,26,9,150,166,168.0,40,39,6.11,PartReceived,,16,18.0
930,200538,1,38,25,15,25,115,118,117.0,64,63,6.55,PartReceived,,3,2.0
931,200538,2,32,1,26,1,178,180,180.0,13,7,6.79,PartReceived,,19,2.0
932,200539,1,52,177,19,31,42,55,54.0,24,23,5.94,PartReceived,,13,12.0
933,200540,1,56,142,4,23,20,41,42.0,32,30,5.2,PartReceived,,21,22.0
934,200541,1,39,180,4,30,163,180,180.0,46,27,13.19,PartReceived,,21,17.0
935,200542,1,33,36,15,23,155,176,175.0,68,66,6.35,PartReceived,,21,20.0
936,200542,2,13,86,17,9,39,45,45.0,105,100,10.19,PartReceived,,6,6.0
937,200543,1,16,82,6,23,141,159,158.0,102,97,4.39,PartReceived,,18,17.0
938,200544,1,52,95,19,31,29,37,42.0,14,13,3.1,PartReceived,,8,13.0
939,200544,2,54,151,4,31,175,180,180.0,63,54,6.31,PartReceived,,20,5.0
940,200544,3,21,163,19,9,152,164,164.0,25,24,9.49,PartReceived,,12,12.0
941,200545,1,37,176,19,5,110,119,121.0,44,27,10.21,PartReceived,,9,11.0
942,200546,1,12,71,17,25,42,59,58.0,34,32,21.5,PartReceived,,17,16.0
943,200547,1,4,77,19,14,70,77,,70,0,5.72,Cancelled,SupplierIssue,7,
944,200548,1,40,6,17,25,180,180,179.0,130,127,5.67,PartReceived,,13,0.0
945,200548,2,2,159,19,1,174,180,180.0,64,37,4.2,PartReceived,,6,6.0
946,200549,1,21,114,19,18,77,91,90.0,120,114,7.24,PartReceived,,14,13.0
947,200550,1,27,85,17,14,178,180,180.0,22,21,11.75,PartReceived,,6,2.0
948,200551,1,47,192,6,18,119,134,136.0,20,19,4.2,PartReceived,,15,17.0
949,200552,1,32,181,26,5,28,46,47.0,76,73,18.27,PartReceived,,18,19.0
950,200552,2,44,156,15,32,74,79,81.0,22,21,3.88,PartReceived,,5,7.0
951,200552,3,55,59,4,9,142,145,144.0,40,39,3.76,PartReceived,,3,2.0
952,200552,4,30,95,19,32,40,55,57.0,101,97,20.53,PartReceived,,15,17.0
953,200553,1,56,74,4,14,34,48,50.0,26,25,6.86,PartReceived,,14,16.0
954,200554,1,60,57,15,23,45,47,48.0,60,59,7.75,PartReceived,,2,3.0
955,200555,1,57,20,6,1,77,87,88.0,80,79,5.98,PartReceived,,10,11.0
956,200556,1,57,141,6,31,8,27,27.0,65,42,13.2,PartReceived,,19,19.0
957,200556,2,46,145,15,18,144,160,159.0,84,83,10.87,PartReceived,,16,15.0
958,200556,3,31,173,15,30,81,88,88.0,124,121,10.56,PartReceived,,7,7.0
959,200556,4,18,77,15,14,140,142,144.0,30,28,3.94,PartReceived,,2,4.0
960,200557,1,22,54,15,14,179,180,179.0,26,25,3.2,PartReceived,,6,0.0
961,200558,1,9,178,6,18,28,47,46.0,35,34,7.19,PartReceived,,19,18.0
962,200559,1,3,47,17,9,53,68,67.0,22,21,5.35,PartReceived,,15,14.0
963,200559,2,3,137,17,18,160,176,177.0,72,70,8.52,PartReceived,,16,17.0
964,200560,1,2,194,19,9,66,80,79.0,24,23,9.87,PartReceived,,14,13.0
965,200560,2,56,196,4,5,73,81,80.0,61,59,4.52,PartReceived,,8,7.0
966,200561,1,8,189,15,9,141,157,158.0,44,36,4.09,PartReceived,,16,17.0
967,200562,1,36,5,6,5,116,125,124.0,60,58,9.97,PartReceived,,9,8.0
968,200563,1,57,30,6,30,76,92,92.0,108,105,7.01,PartReceived,,16,16.0
969,200564,1,35,24,15,1,31,39,42.0,115,112,7.28,PartReceived,,8,11.0
970,200565,1,56,86,4,23,68,79,89.0,43,42,8.62,PartReceived,,11,21.0
971,200566,1,26,99,15,30,162,174,174.0,90,87,6.75,PartReceived,,12,12.0
972,200567,1,8,105,15,23,103,124,123.0,20,9,4.67,PartReceived,,21,20.0
973,200568,1,39,176,4,9,33,52,53.0,70,40,5.05,PartReceived,,19,20.0
974,200569,1,56,86,4,14,138,149,152.0,43,41,8.36,PartReceived,,11,14.0
975,200570,1,6,187,6,1,145,163,163.0,80,78,7.17,PartReceived,,18,18.0
976,200571,1,39,29,4,18,175,179,180.0,36,34,10.55,PartReceived,,4,5.0
977,200572,1,8,105,15,25,143,164,164.0,14,13,4.63,PartReceived,,21,21.0
978,200572,2,7,49,6,14,117,131,,12,0,8.3,Cancelled,SupplierIssue,14,
979,200573,1,34,41,6,31,2,8,7.0,110,108,8.02,PartReceived,,6,5.0
980,200574,1,31,126,15,18,97,105,104.0,14,13,8.72,PartReceived,,8,7.0
981,200575,1,37,24,19,25,159,173,175.0,90,60,8.25,PartReceived,,14,16.0
982,200576,1,37,130,19,30,125,134,134.0,11,10,19.21,PartReceived,,9,9.0
983,200576,2,31,72,15,5,35,44,45.0,80,76,5.37,PartReceived,,9,10.0
984,200576,3,5,95,4,9,134,151,152.0,104,100,5.14,PartReceived,,17,18.0
985,200577,1,8,100,15,32,3,11,13.0,18,15,3.39,PartReceived,,8,10.0
986,200578,1,44,116,15,9,165,170,171.0,40,39,6.95,PartReceived,,5,6.0
987,200578,2,25,70,17,5,62,83,88.0,44,43,3.79,PartReceived,,21,26.0
988,200578,3,11,108,6,25,16,18,17.0,40,39,8.46,PartReceived,,2,1.0
989,200579,1,21,117,19,18,148,156,155.0,26,25,5.02,PartReceived,,8,7.0
990,200579,2,49,71,4,30,134,152,156.0,102,101,9.55,PartReceived,,18,22.0
991,200580,1,24,29,26,25,121,133,135.0,45,43,5.13,PartReceived,,12,14.0
992,200581,1,24,53,26,32,159,173,178.0,104,101,7.77,PartReceived,,14,19.0
993,200582,1,37,78,19,14,39,58,57.0,12,11,9.03,PartReceived,,19,18.0
994,200583,1,36,5,6,14,121,130,129.0,48,47,10.14,PartReceived,,9,8.0
995,200583,2,1,152,19,9,5,9,8.0,66,45,11.57,PartReceived,,4,3.0
996,200583,3,36,123,6,31,89,110,116.0,70,66,7.38,PartReceived,,21,27.0
997,200584,1,7,138,6,32,3,17,26.0,125,121,5.1,PartReceived,,14,23.0
998,200585,1,56,16,4,32,120,128,127.0,30,29,6.2,PartReceived,,8,7.0
999,200585,2,54,84,4,18,111,115,115.0,46,44,15.4,PartReceived,,4,4.0
1000,200586,1,16,88,6,9,45,60,62.0,64,63,14.2,PartReceived,,15,17.0
1001,200587,1,38,104,15,18,35,45,52.0,32,31,25.12,PartReceived,,10,17.0
1002,200587,2,4,143,19,1,155,165,172.0,24,22,7.69,PartReceived,,10,17.0
1003,200588,1,50,119,26,30,5,11,12.0,45,44,13.8,PartReceived,,6,7.0
1004,200589,1,50,85,26,30,111,113,112.0,46,45,7.9,PartReceived,,2,1.0
1005,200589,2,50,167,26,25,128,130,132.0,40,38,5.24,PartReceived,,2,4.0
1006,200589,3,29,1,26,9,91,94,96.0,60,57,6.2,PartReceived,,3,5.0
1007,200590,1,7,185,6,32,81,98,98.0,75,72,5.44,PartReceived,,17,17.0
1008,200591,1,3,170,17,23,42,56,57.0,25,17,7.32,PartReceived,,14,15.0
1009,200591,2,12,114,17,23,161,176,177.0,41,39,5.24,PartReceived,,15,16.0
1010,200592,1,12,71,17,9,61,78,78.0,22,11,21.45,PartReceived,,17,17.0
1011,200593,1,36,135,6,32,128,143,145.0,48,45,7.03,PartReceived,,15,17.0
1012,200594,1,44,111,15,14,178,180,179.0,21,20,6.98,PartReceived,,4,1.0
1013,200594,2,41,147,26,9,171,180,180.0,50,47,8.71,PartReceived,,19,9.0
1014,200594,3,8,121,15,30,150,163,164.0,40,39,6.42,PartReceived,,13,14.0
1015,200594,4,7,64,6,9,117,131,,64,0,13.58,Cancelled,DataError,14,
1016,200594,5,40,169,17,30,32,39,41.0,110,107,10.24,PartReceived,,7,9.0
1017,200594,6,39,94,4,31,104,114,114.0,20,19,8.14,PartReceived,,10,10.0
1018,200595,1,52,51,19,9,39,51,50.0,23,22,5.34,PartReceived,,12,11.0
1019,200596,1,7,179,6,32,36,55,58.0,125,124,4.4,PartReceived,,19,22.0
1020,200597,1,52,177,19,25,82,95,97.0,22,21,6.21,PartReceived,,13,15.0
1021,200598,1,1,83,19,9,170,174,175.0,64,61,12.43,PartReceived,,4,5.0
1022,200598,2,28,200,19,9,156,172,174.0,50,48,12.15,PartReceived,,16,18.0
1023,200599,1,40,6,17,9,46,59,58.0,105,102,5.49,PartReceived,,13,12.0
1024,200600,1,51,13,6,14,40,42,42.0,30,29,18.41,PartReceived,,2,2.0
1025,200601,1,29,173,26,1,111,126,,20,0,7.64,Cancelled,DemandDrop,15,
1026,200601,2,50,130,26,31,109,128,127.0,60,57,9.01,PartReceived,,19,18.0
1027,200602,1,4,186,19,18,29,50,51.0,40,33,6.41,PartReceived,,21,22.0
1028,200603,1,6,187,6,32,48,66,67.0,80,54,7.11,PartReceived,,18,19.0
1029,200603,2,30,69,19,18,24,26,25.0,15,14,6.9,PartReceived,,2,1.0
1030,200604,1,42,120,6,18,39,57,58.0,40,39,5.19,PartReceived,,18,19.0
1031,200604,2,38,104,15,31,110,120,121.0,32,31,24.58,PartReceived,,10,11.0
1032,200605,1,46,80,15,31,114,127,129.0,34,33,7.67,PartReceived,,13,15.0
1033,200605,2,46,101,15,14,128,137,137.0,34,33,6.25,PartReceived,,9,9.0
1034,200606,1,44,122,15,9,31,51,53.0,60,58,6.44,PartReceived,,20,22.0
1035,200607,1,53,147,19,5,123,136,136.0,61,59,5.82,PartReceived,,13,13.0
1036,200608,1,18,114,15,23,148,151,151.0,28,26,6.87,PartReceived,,3,3.0
1037,200608,2,19,10,6,14,43,56,55.0,44,42,4.18,PartReceived,,13,12.0
1038,200609,1,52,95,19,31,95,103,111.0,12,7,3.12,PartReceived,,8,16.0
1039,200610,1,60,186,15,1,139,148,147.0,35,29,6.12,PartReceived,,9,8.0
1040,200611,1,27,102,17,32,77,79,81.0,90,88,8.26,PartReceived,,2,4.0
1041,200612,1,44,199,15,1,82,91,91.0,22,21,8.25,PartReceived,,9,9.0
1042,200612,2,27,102,17,9,7,9,10.0,80,77,7.88,PartReceived,,2,3.0
1043,200612,3,21,189,19,32,23,38,39.0,66,63,7.01,PartReceived,,15,16.0
1044,200613,1,31,26,15,1,74,92,98.0,70,68,12.81,PartReceived,,18,24.0
1045,200613,2,33,148,15,30,132,140,141.0,20,19,5.31,PartReceived,,8,9.0
1046,200614,1,14,150,4,30,1,21,22.0,36,35,7.11,PartReceived,,20,21.0
1047,200614,2,50,119,26,1,70,76,77.0,45,33,13.65,PartReceived,,6,7.0
1048,200614,3,2,197,19,5,151,172,173.0,56,55,3.89,PartReceived,,21,22.0
1049,200615,1,4,65,19,5,79,85,86.0,11,6,14.45,PartReceived,,6,7.0
1050,200616,1,33,69,15,9,158,178,180.0,25,17,5.86,PartReceived,,20,22.0
1051,200616,2,19,133,6,25,165,177,177.0,61,50,9.0,PartReceived,,12,12.0
1052,200617,1,48,51,17,9,26,33,32.0,23,22,3.28,PartReceived,,7,6.0
1053,200618,1,52,45,19,14,70,78,78.0,64,63,5.03,PartReceived,,8,8.0
1054,200618,2,51,13,6,31,153,155,156.0,30,29,18.11,PartReceived,,2,3.0
1055,200618,3,40,145,17,25,132,153,153.0,25,24,8.42,PartReceived,,21,21.0
1056,200619,1,31,135,15,30,6,23,25.0,46,37,8.73,PartReceived,,17,19.0
1057,200620,1,47,72,6,1,54,57,59.0,50,48,7.1,PartReceived,,3,5.0
1058,200621,1,37,176,19,5,109,118,118.0,46,37,10.29,PartReceived,,9,9.0
1059,200622,1,44,8,15,23,160,174,180.0,14,8,5.06,PartReceived,,14,20.0
1060,200622,2,52,151,19,5,81,90,89.0,22,21,8.73,PartReceived,,9,8.0
1061,200622,3,1,157,19,1,15,36,35.0,24,23,3.73,PartReceived,,21,20.0
1062,200623,1,42,118,6,31,128,133,134.0,28,26,8.09,PartReceived,,5,6.0
1063,200623,2,14,150,4,9,76,96,95.0,32,30,7.08,PartReceived,,20,19.0
1064,200623,3,49,71,4,5,147,165,165.0,104,100,9.83,PartReceived,,18,18.0
1065,200624,1,56,196,4,9,89,97,96.0,65,63,4.4,PartReceived,,8,7.0
1066,200624,2,55,104,4,30,167,176,178.0,41,39,8.97,PartReceived,,9,11.0
1067,200624,3,18,24,15,30,153,166,,30,0,9.94,Cancelled,SupplierIssue,13,
1068,200625,1,51,62,6,23,122,129,128.0,64,62,5.14,PartReceived,,7,6.0
1069,200625,2,12,131,17,1,141,151,,30,0,6.5,Cancelled,DemandDrop,10,
1070,200626,1,37,130,19,18,175,180,180.0,16,15,18.5,PartReceived,,9,5.0
1071,200627,1,8,143,15,23,110,112,114.0,45,37,9.72,PartReceived,,2,4.0
1072,200627,2,33,58,15,18,4,21,22.0,22,19,11.6,PartReceived,,17,18.0
1073,200627,3,11,136,6,18,127,137,137.0,70,67,4.25,PartReceived,,10,10.0
1074,200627,4,51,62,6,18,34,41,43.0,44,43,5.02,PartReceived,,7,9.0
1075,200627,5,31,126,15,14,19,27,28.0,18,17,8.59,PartReceived,,8,9.0
1076,200628,1,57,141,6,9,115,134,133.0,65,63,14.05,PartReceived,,19,18.0
1077,200629,1,51,110,6,18,118,136,137.0,42,41,4.97,PartReceived,,18,19.0
1078,200630,1,40,145,17,25,121,142,144.0,22,21,7.9,PartReceived,,21,23.0
1079,200630,2,52,172,19,31,73,77,78.0,30,29,9.2,PartReceived,,4,5.0
1080,200631,1,56,49,4,30,10,25,25.0,35,33,8.54,PartReceived,,15,15.0
1081,200632,1,5,34,4,1,130,141,143.0,70,68,5.74,PartReceived,,11,13.0
1082,200633,1,3,65,17,9,163,169,170.0,42,40,8.21,PartReceived,,6,7.0
1083,200634,1,57,175,6,25,115,123,122.0,120,117,5.93,PartReceived,,8,7.0
1084,200635,1,24,53,26,23,145,159,159.0,104,100,7.72,PartReceived,,14,14.0
1085,200636,1,39,127,4,25,128,141,142.0,120,118,6.34,PartReceived,,13,14.0
1086,200637,1,12,36,17,18,7,19,19.0,30,29,11.01,PartReceived,,12,12.0
1087,200638,1,48,126,17,23,71,74,76.0,46,45,3.58,PartReceived,,3,5.0
1088,200639,1,18,171,15,30,17,27,26.0,48,46,8.16,PartReceived,,10,9.0
1089,200640,1,8,143,15,14,12,14,15.0,43,41,9.35,PartReceived,,2,3.0
1090,200641,1,51,139,6,1,75,84,86.0,72,71,5.86,PartReceived,,9,11.0
1091,200641,2,26,99,15,1,137,149,150.0,70,68,6.96,PartReceived,,12,13.0
1092,200642,1,35,121,15,5,127,142,142.0,12,11,4.5,PartReceived,,15,15.0
1093,200642,2,6,200,6,25,125,132,137.0,12,11,7.38,PartReceived,,7,12.0
1094,200643,1,12,156,17,1,167,170,169.0,55,54,12.22,PartReceived,,3,2.0
1095,200644,1,33,28,15,23,149,160,162.0,130,75,16.42,PartReceived,,11,13.0
1096,200644,2,32,181,26,31,146,164,164.0,80,77,18.51,PartReceived,,18,18.0
1097,200645,1,6,200,6,5,105,112,111.0,20,19,7.26,PartReceived,,7,6.0
1098,200646,1,19,135,6,25,81,92,92.0,20,13,8.12,PartReceived,,11,11.0
1099,200647,1,51,62,6,1,26,33,35.0,60,58,5.25,PartReceived,,7,9.0
1100,200648,1,14,190,4,23,151,161,160.0,15,14,2.07,PartReceived,,10,9.0
1101,200649,1,27,153,17,23,47,57,57.0,50,23,11.78,PartReceived,,10,10.0
1102,200650,1,15,19,19,14,85,104,105.0,28,27,15.07,PartReceived,,19,20.0
1103,200651,1,15,19,19,9,93,112,114.0,24,23,14.48,PartReceived,,19,21.0
1104,200652,1,50,119,26,18,25,31,32.0,30,29,13.49,PartReceived,,6,7.0
1105,200653,1,45,153,17,30,148,158,158.0,22,17,2.11,PartReceived,,10,10.0
1106,200653,2,37,120,19,30,126,133,134.0,56,55,5.95,PartReceived,,7,8.0
1107,200653,3,7,49,6,14,45,59,58.0,13,12,8.14,PartReceived,,14,13.0
1108,200653,4,19,10,6,9,62,75,77.0,24,23,4.38,PartReceived,,13,15.0
1109,200653,5,8,87,15,23,164,180,180.0,80,77,9.23,PartReceived,,21,16.0
1110,200653,6,59,77,26,9,138,154,153.0,20,19,6.17,PartReceived,,16,15.0
1111,200654,1,30,100,19,23,67,72,71.0,14,13,3.85,PartReceived,,5,4.0
1112,200654,2,46,62,15,25,86,95,97.0,85,80,3.89,PartReceived,,9,11.0
1113,200655,1,13,123,17,31,155,158,,14,0,10.39,Cancelled,DemandDrop,3,
1114,200655,2,27,132,17,23,69,87,86.0,80,77,7.44,PartReceived,,18,17.0
1115,200656,1,51,62,6,18,78,85,86.0,64,62,5.32,PartReceived,,7,8.0
1116,200656,2,15,19,19,1,32,51,52.0,24,22,15.39,PartReceived,,19,20.0
1117,200656,3,21,192,19,25,88,108,108.0,44,25,9.02,PartReceived,,20,20.0
1118,200656,4,32,102,26,18,151,172,171.0,120,118,12.04,PartReceived,,21,20.0
1119,200656,5,46,80,15,23,53,66,66.0,18,17,7.57,PartReceived,,13,13.0
1120,200656,6,40,188,17,18,119,132,131.0,100,97,8.69,PartReceived,,13,12.0
1121,200657,1,23,153,4,1,144,147,146.0,44,42,17.15,PartReceived,,3,2.0
1122,200658,1,27,153,17,5,85,95,96.0,30,28,12.27,PartReceived,,10,11.0
1123,200659,1,8,100,15,25,21,29,28.0,22,14,3.3,PartReceived,,8,7.0
1124,200660,1,41,132,26,25,29,46,48.0,22,21,5.2,PartReceived,,17,19.0
1125,200660,2,31,113,15,32,1,7,6.0,28,27,11.62,PartReceived,,6,5.0
1126,200660,3,15,101,19,31,106,120,121.0,44,43,7.34,PartReceived,,14,15.0
1127,200660,4,50,57,26,1,72,77,76.0,28,27,12.87,PartReceived,,5,4.0
1128,200661,1,8,143,15,31,60,62,61.0,44,39,9.42,PartReceived,,2,1.0
1129,200662,1,54,43,4,9,174,179,179.0,45,44,18.51,PartReceived,,5,5.0
1130,200663,1,18,77,15,18,93,95,95.0,45,22,3.81,PartReceived,,2,2.0
1131,200664,1,51,9,6,18,76,82,82.0,11,10,5.19,PartReceived,,6,6.0
1132,200664,2,58,16,19,23,54,56,64.0,40,38,4.93,PartReceived,,2,10.0
1133,200665,1,57,76,6,1,98,105,106.0,104,99,8.39,PartReceived,,7,8.0
1134,200665,2,45,10,17,31,89,93,92.0,66,63,7.14,PartReceived,,4,3.0
1135,200665,3,27,113,17,25,19,26,28.0,24,20,10.78,PartReceived,,7,9.0
1136,200666,1,3,83,17,18,89,98,97.0,11,10,5.55,PartReceived,,9,8.0
1137,200666,2,13,199,17,32,112,121,120.0,11,10,6.97,PartReceived,,9,8.0
1138,200666,3,36,135,6,31,52,67,68.0,48,47,7.1,PartReceived,,15,16.0
1139,200666,4,54,27,4,18,118,122,128.0,70,59,4.96,PartReceived,,4,10.0
1140,200667,1,48,197,17,23,120,122,,15,0,5.78,Cancelled,SupplierIssue,2,
1141,200668,1,43,31,6,1,166,174,173.0,72,68,10.53,PartReceived,,8,7.0
1142,200668,2,13,199,17,14,95,104,106.0,12,11,7.02,PartReceived,,9,11.0
1143,200669,1,2,155,19,5,117,130,132.0,30,29,6.08,PartReceived,,13,15.0
1144,200669,2,43,120,6,14,178,180,179.0,24,23,2.53,PartReceived,,12,1.0
1145,200670,1,44,156,15,1,89,94,96.0,12,11,3.91,PartReceived,,5,7.0
1146,200671,1,19,135,6,32,138,149,150.0,22,21,7.84,PartReceived,,11,12.0
1147,200671,2,3,83,17,32,168,177,176.0,13,12,5.4,PartReceived,,9,8.0
1148,200671,3,11,108,6,23,179,180,180.0,70,66,8.11,PartReceived,,2,1.0
1149,200672,1,27,34,17,25,45,55,57.0,46,45,9.76,PartReceived,,10,12.0
1150,200673,1,7,138,6,18,131,145,147.0,110,109,5.02,PartReceived,,14,16.0
1151,200674,1,48,22,17,32,50,52,57.0,110,109,4.38,PartReceived,,2,7.0
1152,200674,2,47,72,6,25,71,74,76.0,60,59,6.87,PartReceived,,3,5.0
1153,200674,3,19,37,6,25,108,114,115.0,42,40,7.43,PartReceived,,6,7.0
1154,200674,4,10,23,17,18,12,23,30.0,46,43,6.54,PartReceived,,11,18.0
1155,200675,1,3,100,17,9,46,55,62.0,50,47,6.86,PartReceived,,9,16.0
1156,200676,1,39,20,4,25,104,116,118.0,64,63,7.94,PartReceived,,12,14.0
1157,200677,1,21,117,19,1,27,35,37.0,22,17,5.09,PartReceived,,8,10.0
1158,200677,2,24,61,26,30,40,53,54.0,64,61,19.12,PartReceived,,13,14.0
1159,200678,1,45,89,17,5,166,180,180.0,40,38,4.19,PartReceived,,18,14.0
1160,200678,2,21,93,19,32,22,29,31.0,125,124,18.72,PartReceived,,7,9.0
1161,200678,3,8,13,15,1,178,180,180.0,20,19,14.9,PartReceived,,13,2.0
1162,200678,4,42,144,6,18,178,180,180.0,68,66,8.2,PartReceived,,21,2.0
1163,200679,1,21,198,19,9,50,63,63.0,14,13,9.03,PartReceived,,13,13.0
1164,200680,1,43,39,6,31,174,180,180.0,25,20,3.88,PartReceived,,12,6.0
1165,200681,1,1,193,19,25,74,95,97.0,46,45,4.16,PartReceived,,21,23.0
1166,200682,1,21,137,19,1,13,28,27.0,124,123,8.42,PartReceived,,15,14.0
1167,200683,1,18,157,15,18,169,180,,42,0,12.2,Cancelled,DataError,21,
1168,200683,2,36,193,6,1,21,31,30.0,30,29,2.63,PartReceived,,10,9.0
1169,200683,3,32,45,26,30,62,80,81.0,70,66,8.08,PartReceived,,18,19.0
1170,200684,1,38,167,15,5,128,140,141.0,21,12,7.34,PartReceived,,12,13.0
1171,200684,2,15,40,19,30,133,148,,21,0,7.5,Cancelled,DataError,15,
1172,200685,1,27,132,17,30,118,136,138.0,100,97,7.1,PartReceived,,18,20.0
1173,200685,2,1,83,19,18,179,180,180.0,68,65,13.18,PartReceived,,4,1.0
1174,200686,1,60,154,15,9,49,67,76.0,36,35,9.37,PartReceived,,18,27.0
1175,200686,2,56,74,4,1,146,160,,24,0,6.92,Cancelled,DataError,14,
1176,200686,3,32,102,26,31,120,141,140.0,104,102,12.2,PartReceived,,21,20.0
1177,200686,4,28,200,19,18,46,62,63.0,50,44,12.54,PartReceived,,16,17.0
1178,200687,1,28,84,19,18,139,145,146.0,15,14,6.29,PartReceived,,6,7.0
1179,200688,1,10,23,17,23,32,43,43.0,43,41,6.67,PartReceived,,11,11.0
1180,200688,2,7,64,6,23,143,157,157.0,80,78,13.52,PartReceived,,14,14.0
1181,200688,3,2,159,19,18,67,73,72.0,52,30,3.91,PartReceived,,6,5.0
1182,200689,1,8,13,15,23,80,93,94.0,50,49,14.24,PartReceived,,13,14.0
1183,200690,1,33,28,15,14,161,172,173.0,120,116,16.65,PartReceived,,11,12.0
1184,200691,1,9,63,6,5,123,138,140.0,43,42,4.76,PartReceived,,15,17.0
1185,200691,2,25,128,17,23,116,133,137.0,24,23,9.88,PartReceived,,17,21.0
1186,200692,1,8,105,15,14,128,149,148.0,20,19,4.82,PartReceived,,21,20.0
1187,200692,2,40,188,17,5,109,122,122.0,90,87,8.3,PartReceived,,13,13.0
1188,200692,3,45,63,17,32,89,106,112.0,25,23,9.17,PartReceived,,17,23.0
1189,200693,1,35,88,15,32,106,117,118.0,44,42,6.19,PartReceived,,11,12.0
1190,200694,1,13,186,17,14,43,48,47.0,100,99,3.4,PartReceived,,5,4.0
1191,200695,1,35,183,15,30,19,22,21.0,34,33,9.94,PartReceived,,3,2.0
1192,200695,2,32,181,26,25,136,154,155.0,76,74,19.48,PartReceived,,18,19.0
1193,200696,1,58,17,19,31,122,134,136.0,72,54,6.86,PartReceived,,12,14.0
1194,200697,1,18,77,15,23,27,29,31.0,25,24,3.82,PartReceived,,2,4.0
1195,200697,2,8,143,15,30,47,49,50.0,41,40,9.47,PartReceived,,2,3.0
1196,200698,1,52,177,19,23,40,53,53.0,21,19,6.07,PartReceived,,13,13.0
1197,200699,1,52,45,19,32,127,135,136.0,70,62,4.85,PartReceived,,8,9.0
1198,200700,1,46,101,15,31,157,166,175.0,14,13,6.52,PartReceived,,9,18.0
1199,200701,1,25,70,17,5,172,180,180.0,52,50,3.79,PartReceived,,21,8.0
1200,200701,2,53,72,19,32,143,149,150.0,70,68,5.34,PartReceived,,6,7.0
